0,0,0,-0.1
1,0,0,-0.1
2,0,0,-0.1
3,0,0,-0.1
4,0,0,-0.1
5,0,0,-0.1
6,0,0,-0.1
7,0,0,-0.1
8,0,0,-0.1
9,0,0,-0.1
10,0,0,-0.1
11,0,0,-0.1
12,0,0,-0.1
13,0,0,-0.1
14,0,0,-0.1
15,0,0,-0.1
16,0,0,-0.1
17,0,0,-0.1
18,0,0,-0.1
19,0,0,-0.1
20,0,0,-0.1
21,0,0,-0.1
22,0,0,-0.1
23,0,0,-0.1
24,0,0,-0.1
25,0,0,-0.1
26,0,0,-0.1
27,0,0,-0.1
28,0,0,-0.1
29,0,0,-0.1
30,0,0,-0.1
31,0,0,-0.1
32,0,0,-0.1
33,0,0,-0.1
34,0,0,-0.1
35,0,0,-0.1
36,0,0,-0.1
37,0,0,-0.1
38,0,0,-0.1
39,0,0,-0.1
40,0,0,-0.1
41,0,0,-0.1
42,0,0,-0.1
43,0,0,-0.1
44,0,0,-0.1
45,0,0,-0.1
46,0,0,-0.1
47,0,0,-0.1
48,0,0,-0.1
49,0,0,-0.1
50,0,0,-0.1
51,0,0,-0.1
52,0,0,-0.1
53,0,0,-0.1
54,0,0,-0.1
55,0,0,-0.1
56,0,0,-0.1
57,0,0,-0.1
58,0,0,-0.1
59,0,0,-0.1
60,0,0,-0.1
61,0,0,-0.1
62,0,0,-0.1
63,0,0,-0.1
64,0,0,-0.1
65,0,0,-0.1
66,0,0,-0.1
67,0,0,-0.1
68,0,0,-0.1
69,0,0,-0.1
70,0,0,-0.1
71,0,0,-0.1
72,0,0,-0.1
73,0,0,-0.1
74,0,0,-0.1
75,0,0,-0.1
76,0,0,-0.1
77,0,0,-0.1
78,0,0,-0.1
79,0,0,-0.1
80,0,0,-0.1
81,0,0,-0.1
82,0,0,-0.1
83,0,0,-0.1
84,0,0,-0.1
85,0,0,-0.1
86,0,0,-0.1
87,0,0,-0.1
88,0,0,-0.1
89,0,0,-0.1
90,0,0,-0.1
91,0,0,-0.1
92,0,0,-0.1
93,0,0,-0.1
94,0,0,-0.1
95,0,0,-0.1
96,0,0,-0.1
97,0,0,-0.1
98,0,0,-0.1
99,0,0,-0.1
100,0,0,-0.1
101,0,0,-0.1
102,0,0,-0.1
103,0,0,-0.1
104,0,0,-0.1
105,0,0,-0.1
106,0,0,-0.1
107,0,0,-0.1
108,0,0,-0.1
109,0,0,-0.1
110,0,0,-0.1
111,0,0,-0.1
112,0,0,-0.1
113,0,0,-0.1
114,0,0,-0.1
115,0,0,-0.1
116,0,0,-0.1
117,0,0,-0.1
118,0,0,-0.1
119,0,0,-0.1
120,0,0,-0.1
121,0,0,-0.1
122,0,0,-0.1
123,0,0,-0.1
124,0,0,-0.1
125,0,0,-0.1
126,0,0,-0.1
127,0,0,-0.1
128,0,0,-0.1
129,0,0,-0.1
130,0,0,-0.1
131,0,0,-0.1
132,0,0,-0.1
133,0,0,-0.1
134,0,0,-0.1
135,0,0,-0.1
136,0,0,-0.1
137,0,0,-0.1
138,0,0,-0.1
139,0,0,-0.1
140,0,0,-0.1
141,0,0,-0.1
142,0,0,-0.1
143,0,0,-0.1
144,0,0,-0.1
145,0,0,-0.1
146,0,0,-0.1
147,0,0,-0.1
148,0,0,-0.1
149,0,0,-0.1
150,0,0,-0.1
151,0,0,-0.1
152,0,0,-0.1
153,0,0,-0.1
154,0,0,-0.1
155,0,0,-0.1
156,0,0,-0.1
157,0,0,-0.1
158,0,0,-0.1
159,0,0,-0.1
160,0,0,-0.1
161,0,0,-0.1
162,0,0,-0.1
163,0,0,-0.1
164,0,0,-0.1
165,0,0,-0.1
166,0,0,-0.1
167,0,0,-0.1
168,0,0,-0.1
169,0,0,-0.1
170,0,0,-0.1
171,0,0,-0.1
172,0,0,-0.1
173,0,0,-0.1
174,0,0,-0.1
175,0,0,-0.1
176,0,0,-0.1
177,0,0,-0.1
178,0,0,-0.1
179,0,0,-0.1
180,0,0,-0.1
181,0,0,-0.1
182,0,0,-0.1
183,0,0,-0.1
184,0,0,-0.1
185,0,0,-0.1
186,0,0,-0.1
187,0,0,-0.1
188,0,0,-0.1
189,0,0,-0.1
190,0,0,-0.1
191,0,0,-0.1
192,0,0,-0.1
193,0,0,-0.1
194,0,0,-0.1
195,0,0,-0.1
196,0,0,-0.1
197,0,0,-0.1
198,0,0,-0.1
199,0,0,-0.1
200,0,0,-0.1
201,0,0,-0.1
202,0,0,-0.1
203,0,0,-0.1
204,0,0,-0.1
205,0,0,-0.1
206,0,0,-0.1
207,0,0,-0.1
208,0,0,-0.1
209,0,0,-0.1
210,0,0,-0.1
211,0,0,-0.1
212,0,0,-0.1
213,0,0,-0.1
214,0,0,-0.1
215,0,0,-0.1
216,0,0,-0.1
217,0,0,-0.1
218,0,0,-0.1
219,0,0,-0.1
220,0,0,-0.1
221,0,0,-0.1
222,0,0,-0.1
223,0,0,-0.1
224,0,0,-0.1
225,0,0,-0.1
226,0,0,-0.1
227,0,0,-0.1
228,0,0,-0.1
229,0,0,-0.1
230,0,0,-0.1
231,0,0,-0.1
232,0,0,-0.1
233,0,0,-0.1
234,0,0,-0.1
235,0,0,-0.1
236,0,0,-0.1
237,0,0,-0.1
238,0,0,-0.1
239,0,0,-0.1
240,0,0,-0.1
241,0,0,-0.1
242,0,0,-0.1
243,0,0,-0.1
244,0,0,-0.1
245,0,0,-0.1
246,0,0,-0.1
247,0,0,-0.1
248,0,0,-0.1
249,0,0,-0.1
250,0,0,-0.1
251,0,0,-0.1
252,0,0,-0.1
253,0,0,-0.1
254,0,0,-0.1
255,0,0,-0.1
256,0,0,-0.1
257,0,0,-0.1
258,0,0,-0.1
259,0,0,-0.1
260,0,0,-0.1
261,0,0,-0.1
262,0,0,-0.1
263,0,0,-0.1
264,0,0,-0.1
265,0,0,-0.1
266,0,0,-0.1
267,0,0,-0.1
268,0,0,-0.1
269,0,0,-0.1
270,0,0,-0.1
271,0,0,-0.1
272,0,0,-0.1
273,0,0,-0.1
274,0,0,-0.1
275,0,0,-0.1
276,0,0,-0.1
277,0,0,-0.1
278,0,0,-0.1
279,0,0,-0.1
280,0,0,-0.1
281,0,0,-0.1
282,0,0,-0.1
283,0,0,-0.1
284,0,0,-0.1
285,0,0,-0.1
286,0,0,-0.1
287,0,0,-0.1
288,0,0,-0.1
289,0,0,-0.1
290,0,0,-0.1
291,0,0,-0.1
292,0,0,-0.1
293,0,0,-0.1
294,0,0,-0.1
295,0,0,-0.1
296,0,0,-0.1
297,0,0,-0.1
298,0,0,-0.1
299,0,0,-0.1
300,0,0,-0.1
301,0,0,-0.1
302,0,0,-0.1
303,0,0,-0.1
304,0,0,-0.1
305,0,0,-0.1
306,0,0,-0.1
307,0,0,-0.1
308,0,0,-0.1
309,0,0,-0.1
310,0,0,-0.1
311,0,0,-0.1
312,0,0,-0.1
313,0,0,-0.1
314,0,0,-0.1
315,0,0,-0.1
316,0,0,-0.1
317,0,0,-0.1
318,0,0,-0.1
319,0,0,-0.1
320,0,0,-0.1
321,0,0,-0.1
322,0,0,-0.1
323,0,0,-0.1
324,0,0,-0.1
325,0,0,-0.1
326,0,0,-0.1
327,0,0,-0.1
328,0,0,-0.1
329,0,0,-0.1
330,0,0,-0.1
331,0,0,-0.1
332,0,0,-0.1
333,0,0,-0.1
334,0,0,-0.1
335,0,0,-0.1
336,0,0,-0.1
337,0,0,-0.1
338,0,0,-0.1
339,0,0,-0.1
340,0,0,-0.1
341,0,0,-0.1
342,0,0,-0.1
343,0,0,-0.1
344,0,0,-0.1
345,0,0,-0.1
346,0,0,-0.1
347,0,0,-0.1
348,0,0,-0.1
349,0,0,-0.1
350,0,0,-0.1
351,0,0,-0.1
352,0,0,-0.1
353,0,0,-0.1
354,0,0,-0.1
355,0,0,-0.1
356,0,0,-0.1
357,0,0,-0.1
358,0,0,-0.1
359,0,0,-0.1
360,0,0,-0.1
361,0,0,-0.1
362,0,0,-0.1
363,0,0,-0.1
364,0,0,-0.1
365,0,0,-0.1
366,0,0,-0.1
367,0,0,-0.1
368,0,0,-0.1
369,0,0,-0.1
370,0,0,-0.1
371,0,0,-0.1
372,0,0,-0.1
373,0,0,-0.1
374,0,0,-0.1
375,0,0,-0.1
376,0,0,-0.1
377,0,0,-0.1
378,0,0,-0.1
379,0,0,-0.1
380,0,0,-0.1
381,0,0,-0.1
382,0,0,-0.1
383,0,0,-0.1
384,0,0,-0.1
385,0,0,-0.1
386,0,0,-0.1
387,0,0,-0.1
388,0,0,-0.1
389,0,0,-0.1
390,0,0,-0.1
391,0,0,-0.1
392,0,0,-0.1
393,0,0,-0.1
394,0,0,-0.1
395,0,0,-0.1
396,0,0,-0.1
397,0,0,-0.1
398,0,0,-0.1
399,0,0,-0.1
400,0,0,-0.1
401,0,0,-0.1
402,0,0,-0.1
403,0,0,-0.1
404,0,0,-0.1
405,0,0,-0.1
406,0,0,-0.1
407,0,0,-0.1
408,0,0,-0.1
409,0,0,-0.1
410,0,0,-0.1
411,0,0,-0.1
412,0,0,-0.1
413,0,0,-0.1
414,0,0,-0.1
415,0,0,-0.1
416,0,0,-0.1
417,0,0,-0.1
418,0,0,-0.1
419,0,0,-0.1
420,0,0,-0.1
421,0,0,-0.1
422,0,0,-0.1
423,0,0,-0.1
424,0,0,-0.1
425,0,0,-0.1
426,0,0,-0.1
427,0,0,-0.1
428,0,0,-0.1
429,0,0,-0.1
430,0,0,-0.1
431,0,0,-0.1
432,0,0,-0.1
433,0,0,-0.1
434,0,0,-0.1
435,0,0,-0.1
436,0,0,-0.1
437,0,0,-0.1
438,0,0,-0.1
439,0,0,-0.1
440,0,0,-0.1
441,0,0,-0.1
442,0,0,-0.1
443,0,0,-0.1
444,0,0,-0.1
445,0,0,-0.1
446,0,0,-0.1
447,0,0,-0.1
448,0,0,-0.1
449,0,0,-0.1
450,0,0,-0.1
451,0,0,-0.1
452,0,0,-0.1
453,0,0,-0.1
454,0,0,-0.1
455,0,0,-0.1
456,0,0,-0.1
457,0,0,-0.1
458,0,0,-0.1
459,0,0,-0.1
460,0,0,-0.1
461,0,0,-0.1
462,0,0,-0.1
463,0,0,-0.1
464,0,0,-0.1
465,0,0,-0.1
466,0,0,-0.1
467,0,0,-0.1
468,0,0,-0.1
469,0,0,-0.1
470,0,0,-0.1
471,0,0,-0.1
472,0,0,-0.1
473,0,0,-0.1
474,0,0,-0.1
475,0,0,-0.1
476,0,0,-0.1
477,0,0,-0.1
478,0,0,-0.1
479,0,0,-0.1
480,0,0,-0.1
481,0,0,-0.1
482,0,0,-0.1
483,0,0,-0.1
484,0,0,-0.1
485,0,0,-0.1
486,0,0,-0.1
487,0,0,-0.1
488,0,0,-0.1
489,0,0,-0.1
490,0,0,-0.1
491,0,0,-0.1
492,0,0,-0.1
493,0,0,-0.1
494,0,0,-0.1
495,0,0,-0.1
496,0,0,-0.1
497,0,0,-0.1
498,0,0,-0.1
499,0,0,-0.1
500,0,0,-0.1
501,0,0,-0.1
502,0,0,-0.1
503,0,0,-0.1
504,0,0,-0.1
505,0,0,-0.1
506,0,0,-0.1
507,0,0,-0.1
508,0,0,-0.1
509,0,0,-0.1
510,0,0,-0.1
511,0,0,-0.1
512,0,0,-0.1
513,0,0,-0.1
514,0,0,-0.1
515,0,0,-0.1
516,0,0,-0.1
517,0,0,-0.1
518,0,0,-0.1
519,0,0,-0.1
520,0,0,-0.1
521,0,0,-0.1
522,0,0,-0.1
523,0,0,-0.1
524,0,0,-0.1
525,0,0,-0.1
526,0,0,-0.1
527,0,0,-0.1
528,0,0,-0.1
529,0,0,-0.1
530,0,0,-0.1
531,0,0,-0.1
532,0,0,-0.1
533,0,0,-0.1
534,0,0,-0.1
535,0,0,-0.1
536,0,0,-0.1
537,0,0,-0.1
538,0,0,-0.1
539,0,0,-0.1
540,0,0,-0.1
541,0,0,-0.1
542,0,0,-0.1
543,0,0,-0.1
544,0,0,-0.1
545,0,0,-0.1
546,0,0,-0.1
547,0,0,-0.1
548,0,0,-0.1
549,0,0,-0.1
550,0,0,-0.1
551,0,0,-0.1
552,0,0,-0.1
553,0,0,-0.1
554,0,0,-0.1
555,0,0,-0.1
556,0,0,-0.1
557,0,0,-0.1
558,0,0,-0.1
559,0,0,-0.1
560,0,0,-0.1
561,0,0,-0.1
562,0,0,-0.1
563,0,0,-0.1
564,0,0,-0.1
565,0,0,-0.1
566,0,0,-0.1
567,0,0,-0.1
568,0,0,-0.1
569,0,0,-0.1
570,0,0,-0.1
571,0,0,-0.1
572,0,0,-0.1
573,0,0,-0.1
574,0,0,-0.1
575,0,0,-0.1
576,0,0,-0.1
577,0,0,-0.1
578,0,0,-0.1
579,0,0,-0.1
580,0,0,-0.1
581,0,0,-0.1
582,0,0,-0.1
583,0,0,-0.1
584,0,0,-0.1
585,0,0,-0.1
586,0,0,-0.1
587,0,0,-0.1
588,0,0,-0.1
589,0,0,-0.1
590,0,0,-0.1
591,0,0,-0.1
592,0,0,-0.1
593,0,0,-0.1
594,0,0,-0.1
595,0,0,-0.1
596,0,0,-0.1
597,0,0,-0.1
598,0,0,-0.1
599,0,0,-0.1
600,0,0,-0.1
601,0,0,-0.1
602,0,0,-0.0978302
603,0,0,-0.0956604
604,0,0,-0.0934905
605,0,0,-0.0913207
606,0,0,-0.0891509
607,0,0,-0.0869811
608,0,0,-0.0848112
609,0,0,-0.0826414
610,0,0,-0.0804716
611,0,0,-0.0783018
612,0,0,-0.0761319
613,0,0,-0.0739621
614,0,0,-0.0717923
615,0,0,-0.0696225
616,0,0,-0.0674526
617,0,0,-0.0652828
618,0,0,-0.063113
619,0,0,-0.0609432
620,0,0,-0.0587733
621,0,0,-0.0587733
622,0,0,0
623,0,0,0
624,0,0,0
625,0,0,0
626,0,0,0
627,0,0,0
628,0,0,0
629,0,0,0
630,0,0,0
631,0,0,0
632,0,0,0
633,0,0,0
634,0,0,0
635,0,0,0
636,0,0,0
637,0,0,0
638,0,0,0
639,0,0,0
640,0,0,0
641,0,0,0
642,0,0,0
643,0,0,0
644,0,0,0
645,0,0,0
646,0,0,0
647,0,0,0
648,0,0,0
649,0,0,0
650,0,0,0
651,0,0,0
652,0,0,0
653,0,0,0
654,0,0,0
655,0,0,0
656,0,0,0
657,0,0,0
658,0,0,0
659,0,0,0
660,0,0,0
661,0,0,0
662,0,0,0
663,0,0,0
664,0,0,0
665,0,0,0
666,0,0,0
667,0,0,0
668,0,0,0
669,0,0,0
670,0,0,0
671,0,0,0
672,0,0,0
673,0,0,0
674,0,0,0
675,0,0,0
676,0,0,0
677,0,0,0
678,0,0,0
679,0,0,0
680,0,0,0
681,0,0,0
682,0,0,0
683,0,0,0
684,0,0,0
685,0,0,0
686,0,0,0
687,0,0,0
688,0,0,0
689,0,0,0
690,0,0,0
691,0,0,0
692,0,0,0
693,0,0,0
694,0,0,0
695,0,0,0
696,0,0,0
697,0,0,0
698,0,0,0
699,0,0,0
700,0,0,0
701,0,0,0
702,0,0,0
703,0,0,0
704,0,0,0
705,0,0,0
706,0,0,0
707,0,0,0
708,0,0,0
709,0,0,0
710,0,0,0
711,0,0,0
712,0,0,0
713,0,0,0
714,0,0,0
715,0,0,0
716,0,0,0
717,0,0,0
718,0,0,0
719,0,0,0
720,0,0,0
721,0,0,0
722,0,0,0
723,0,0,0
724,0,0,0
725,0,0,0
726,0,0,0
727,0,0,0
728,0,0,0
729,0,0,0
730,0,0,0
731,0,0,0
732,0,0,0
733,0,0,0
734,0,0,0
735,0,0,0
736,0,0,0
737,0,0,0
738,0,0,0
739,0,0,0
740,0,0,0
741,0,0,0
742,0,0,0
743,0,0,0
744,0,0,0
745,0,0,0
746,0,0,0
747,0,0,0
748,0,0,0
749,0,0,0
750,0,0,0
751,0,0,0
752,0,0,0
753,0,0,0
754,0,0,0
755,0,0,0
756,0,0,0
757,0,0,0
758,0,0,0
759,0,0,0
760,0,0,0
761,0,0,0
762,0,0,0
763,0,0,0
764,0,0,0
765,0,0,0
766,0,0,0
767,0,0,0
768,0,0,0
769,0,0,0
770,0,0,0
771,0,0,0
772,0,0,0
773,0,0,0
774,0,0,0
775,0,0,0
776,0,0,0
777,0,0,0
778,0,0,0
779,0,0,0
780,0,0,0
781,0,0,0
782,0,0,0
783,0,0,0
784,0,0,0
785,0,0,0
786,0,0,0
787,0,0,0
788,0,0,0
789,0,0,0
790,0,0,0
791,0,0,0
792,0,0,0
793,0,0,0
794,0,0,0
795,0,0,0
796,0,0,0
797,0,0,0
798,0,0,0
799,0,0,0
800,0,0,0
801,0,0,0
802,0,0,0
803,0,0,0
804,0,0,0
805,0,0,0
806,0,0,0
807,0,0,0
808,0,0,0
809,0,0,0
810,0,0,0
811,0,0,0
812,0,0,0
813,0,0,0
814,0,0,0
815,0,0,0
816,0,0,0
817,0,0,0
818,0,0,0
819,0,0,0
820,0,0,0
821,0,0.464581,-0.0587733
822,0,0.466445,-0.0609432
823,0,0.468309,-0.063113
824,0,0.470174,-0.0652828
825,0,0.472038,-0.0674526
826,0,0.473902,-0.0696225
827,0,0.475766,-0.0717923
828,0,0.47763,-0.0739621
829,0,0.479494,-0.0761319
830,0,0.481358,-0.0783018
831,0,0.483223,-0.0804716
832,0,0.485087,-0.0826414
833,0,0.486951,-0.0848112
834,0,0.488815,-0.0869811
835,0,0.490679,-0.0891509
836,0,0.492543,-0.0913207
837,0,0.494408,-0.0934905
838,0,0.496272,-0.0956604
839,0,0.498136,-0.0978302
840,0,0.5,-0.1
841,1,-0.5,0.1
842,1,-0.498136,0.0978302
843,1,-0.496272,0.0956604
844,1,-0.494408,0.0934905
845,1,-0.492543,0.0913207
846,1,-0.490679,0.0891509
847,1,-0.488815,0.0869811
848,1,-0.486951,0.0848112
849,1,-0.485087,0.0826414
850,1,-0.483223,0.0804716
851,1,-0.481359,0.0783018
852,1,-0.479494,0.0761319
853,1,-0.47763,0.0739621
854,1,-0.475766,0.0717923
855,1,-0.473902,0.0696225
856,1,-0.472038,0.0674526
857,1,-0.470174,0.0652828
858,1,-0.468309,0.063113
859,1,-0.466445,0.0609432
860,1,-0.464581,0.0587733
861,1,-0.464581,0.0587733
862,1,0,0
863,1,0,0
864,1,0,0
865,1,0,0
866,1,0,0
867,1,0,0
868,1,0,0
869,1,0,0
870,1,0,0
871,1,0,0
872,1,0,0
873,1,0,0
874,1,0,0
875,1,0,0
876,1,0,0
877,1,0,0
878,1,0,0
879,1,0,0
880,1,0,0
881,1,0,0
882,1,0,0
883,1,0,0
884,1,0,0
885,1,0,0
886,1,0,0
887,1,0,0
888,1,0,0
889,1,0,0
890,1,0,0
891,1,0,0
892,1,0,0
893,1,0,0
894,1,0,0
895,1,0,0
896,1,0,0
897,1,0,0
898,1,0,0
899,1,0,0
900,1,0,0
901,1,0,0
902,1,0,0
903,1,0,0
904,1,0,0
905,1,0,0
906,1,0,0
907,1,0,0
908,1,0,0
909,1,0,0
910,1,0,0
911,1,0,0
912,1,0,0
913,1,0,0
914,1,0,0
915,1,0,0
916,1,0,0
917,1,0,0
918,1,0,0
919,1,0,0
920,1,0,0
921,1,0,0
922,1,0,0
923,1,0,0
924,1,0,0
925,1,0,0
926,1,0,0
927,1,0,0
928,1,0,0
929,1,0,0
930,1,0,0
931,1,0,0
932,1,0,0
933,1,0,0
934,1,0,0
935,1,0,0
936,1,0,0
937,1,0,0
938,1,0,0
939,1,0,0
940,1,0,0
941,1,0,0
942,1,0,0
943,1,0,0
944,1,0,0
945,1,0,0
946,1,0,0
947,1,0,0
948,1,0,0
949,1,0,0
950,1,0,0
951,1,0,0
952,1,0,0
953,1,0,0
954,1,0,0
955,1,0,0
956,1,0,0
957,1,0,0
958,1,0,0
959,1,0,0
960,1,0,0
961,1,0,0
962,1,0,0
963,1,0,0
964,1,0,0
965,1,0,0
966,1,0,0
967,1,0,0
968,1,0,0
969,1,0,0
970,1,0,0
971,1,0,0
972,1,0,0
973,1,0,0
974,1,0,0
975,1,0,0
976,1,0,0
977,1,0,0
978,1,0,0
979,1,0,0
980,1,0,0
981,1,0,0
982,1,0,0
983,1,0,0
984,1,0,0
985,1,0,0
986,1,0,0
987,1,0,0
988,1,0,0
989,1,0,0
990,1,0,0
991,1,0,0
992,1,0,0
993,1,0,0
994,1,0,0
995,1,0,0
996,1,0,0
997,1,0,0
998,1,0,0
999,1,0,0
1000,1,0,0
1001,1,0,0
1002,1,0,0
1003,1,0,0
1004,1,0,0
1005,1,0,0
1006,1,0,0
1007,1,0,0
1008,1,0,0
1009,1,0,0
1010,1,0,0
1011,1,0,0
1012,1,0,0
1013,1,0,0
1014,1,0,0
1015,1,0,0
1016,1,0,0
1017,1,0,0
1018,1,0,0
1019,1,0,0
1020,1,0,0
1021,1,0,0
1022,1,0,0
1023,1,0,0
1024,1,0,0
1025,1,0,0
1026,1,0,0
1027,1,0,0
1028,1,0,0
1029,1,0,0
1030,1,0,0
1031,1,0,0
1032,1,0,0
1033,1,0,0
1034,1,0,0
1035,1,0,0
1036,1,0,0
1037,1,0,0
1038,1,0,0
1039,1,0,0
1040,1,0,0
1041,1,0,0
1042,1,0,0
1043,1,0,0
1044,1,0,0
1045,1,0,0
1046,1,0,0
1047,1,0,0
1048,1,0,0
1049,1,0,0
1050,1,0,0
1051,1,0,0
1052,1,0,0
1053,1,0,0
1054,1,0,0
1055,1,0,0
1056,1,0,0
1057,1,0,0
1058,1,0,0
1059,1,0,0
1060,1,0,0
1061,1,0.464581,0.0587733
1062,1,0.466445,0.0609432
1063,1,0.468309,0.063113
1064,1,0.470174,0.0652828
1065,1,0.472038,0.0674526
1066,1,0.473902,0.0696225
1067,1,0.475766,0.0717923
1068,1,0.47763,0.0739621
1069,1,0.479494,0.0761319
1070,1,0.481358,0.0783018
1071,1,0.483223,0.0804716
1072,1,0.485087,0.0826414
1073,1,0.486951,0.0848112
1074,1,0.488815,0.0869811
1075,1,0.490679,0.0891509
1076,1,0.492543,0.0913207
1077,1,0.494408,0.0934905
1078,1,0.496272,0.0956604
1079,1,0.498136,0.0978302
1080,1,0.5,0.1
1081,2,-0.5,-0.1
1082,2,-0.498136,-0.0978302
1083,2,-0.496272,-0.0956604
1084,2,-0.494408,-0.0934905
1085,2,-0.492543,-0.0913207
1086,2,-0.490679,-0.0891509
1087,2,-0.488815,-0.0869811
1088,2,-0.486951,-0.0848112
1089,2,-0.485087,-0.0826414
1090,2,-0.483223,-0.0804716
1091,2,-0.481359,-0.0783018
1092,2,-0.479494,-0.0761319
1093,2,-0.47763,-0.0739621
1094,2,-0.475766,-0.0717923
1095,2,-0.473902,-0.0696225
1096,2,-0.472038,-0.0674526
1097,2,-0.470174,-0.0652828
1098,2,-0.468309,-0.063113
1099,2,-0.466445,-0.0609432
1100,2,-0.464581,-0.0587733
1101,2,-0.464581,-0.0587733
1102,2,0,0
1103,2,0,0
1104,2,0,0
1105,2,0,0
1106,2,0,0
1107,2,0,0
1108,2,0,0
1109,2,0,0
1110,2,0,0
1111,2,0,0
1112,2,0,0
1113,2,0,0
1114,2,0,0
1115,2,0,0
1116,2,0,0
1117,2,0,0
1118,2,0,0
1119,2,0,0
1120,2,0,0
1121,2,0,0
1122,2,0,0
1123,2,0,0
1124,2,0,0
1125,2,0,0
1126,2,0,0
1127,2,0,0
1128,2,0,0
1129,2,0,0
1130,2,0,0
1131,2,0,0
1132,2,0,0
1133,2,0,0
1134,2,0,0
1135,2,0,0
1136,2,0,0
1137,2,0,0
1138,2,0,0
1139,2,0,0
1140,2,0,0
1141,2,0,0
1142,2,0,0
1143,2,0,0
1144,2,0,0
1145,2,0,0
1146,2,0,0
1147,2,0,0
1148,2,0,0
1149,2,0,0
1150,2,0,0
1151,2,0,0
1152,2,0,0
1153,2,0,0
1154,2,0,0
1155,2,0,0
1156,2,0,0
1157,2,0,0
1158,2,0,0
1159,2,0,0
1160,2,0,0
1161,2,0,0
1162,2,0,0
1163,2,0,0
1164,2,0,0
1165,2,0,0
1166,2,0,0
1167,2,0,0
1168,2,0,0
1169,2,0,0
1170,2,0,0
1171,2,0,0
1172,2,0,0
1173,2,0,0
1174,2,0,0
1175,2,0,0
1176,2,0,0
1177,2,0,0
1178,2,0,0
1179,2,0,0
1180,2,0,0
1181,2,0,0
1182,2,0,0
1183,2,0,0
1184,2,0,0
1185,2,0,0
1186,2,0,0
1187,2,0,0
1188,2,0,0
1189,2,0,0
1190,2,0,0
1191,2,0,0
1192,2,0,0
1193,2,0,0
1194,2,0,0
1195,2,0,0
1196,2,0,0
1197,2,0,0
1198,2,0,0
1199,2,0,0
1200,2,0,0
1201,2,0,0
1202,2,0,0
1203,2,0,0
1204,2,0,0
1205,2,0,0
1206,2,0,0
1207,2,0,0
1208,2,0,0
1209,2,0,0
1210,2,0,0
1211,2,0,0
1212,2,0,0
1213,2,0,0
1214,2,0,0
1215,2,0,0
1216,2,0,0
1217,2,0,0
1218,2,0,0
1219,2,0,0
1220,2,0,0
1221,2,0,0
1222,2,0,0
1223,2,0,0
1224,2,0,0
1225,2,0,0
1226,2,0,0
1227,2,0,0
1228,2,0,0
1229,2,0,0
1230,2,0,0
1231,2,0,0
1232,2,0,0
1233,2,0,0
1234,2,0,0
1235,2,0,0
1236,2,0,0
1237,2,0,0
1238,2,0,0
1239,2,0,0
1240,2,0,0
1241,2,0,0
1242,2,0,0
1243,2,0,0
1244,2,0,0
1245,2,0,0
1246,2,0,0
1247,2,0,0
1248,2,0,0
1249,2,0,0
1250,2,0,0
1251,2,0,0
1252,2,0,0
1253,2,0,0
1254,2,0,0
1255,2,0,0
1256,2,0,0
1257,2,0,0
1258,2,0,0
1259,2,0,0
1260,2,0,0
1261,2,0,0
1262,2,0,0
1263,2,0,0
1264,2,0,0
1265,2,0,0
1266,2,0,0
1267,2,0,0
1268,2,0,0
1269,2,0,0
1270,2,0,0
1271,2,0,0
1272,2,0,0
1273,2,0,0
1274,2,0,0
1275,2,0,0
1276,2,0,0
1277,2,0,0
1278,2,0,0
1279,2,0,0
1280,2,0,0
1281,2,0,0
1282,2,0,0
1283,2,0,0
1284,2,0,0
1285,2,0,0
1286,2,0,0
1287,2,0,0
1288,2,0,0
1289,2,0,0
1290,2,0,0
1291,2,0,0
1292,2,0,0
1293,2,0,0
1294,2,0,0
1295,2,0,0
1296,2,0,0
1297,2,0,0
1298,2,0,0
1299,2,0,0
1300,2,0,0
1301,2,0.464581,-0.0587733
1302,2,0.466445,-0.0609432
1303,2,0.468309,-0.063113
1304,2,0.470174,-0.0652828
1305,2,0.472038,-0.0674526
1306,2,0.473902,-0.0696225
1307,2,0.475766,-0.0717923
1308,2,0.47763,-0.0739621
1309,2,0.479494,-0.0761319
1310,2,0.481358,-0.0783018
1311,2,0.483223,-0.0804716
1312,2,0.485087,-0.0826414
1313,2,0.486951,-0.0848112
1314,2,0.488815,-0.0869811
1315,2,0.490679,-0.0891509
1316,2,0.492543,-0.0913207
1317,2,0.494408,-0.0934905
1318,2,0.496272,-0.0956604
1319,2,0.498136,-0.0978302
1320,2,0.5,-0.1
1321,3,-0.5,0.1
1322,3,-0.498136,0.0978302
1323,3,-0.496272,0.0956604
1324,3,-0.494408,0.0934905
1325,3,-0.492543,0.0913207
1326,3,-0.490679,0.0891509
1327,3,-0.488815,0.0869811
1328,3,-0.486951,0.0848112
1329,3,-0.485087,0.0826414
1330,3,-0.483223,0.0804716
1331,3,-0.481359,0.0783018
1332,3,-0.479494,0.0761319
1333,3,-0.47763,0.0739621
1334,3,-0.475766,0.0717923
1335,3,-0.473902,0.0696225
1336,3,-0.472038,0.0674526
1337,3,-0.470174,0.0652828
1338,3,-0.468309,0.063113
1339,3,-0.466445,0.0609432
1340,3,-0.464581,0.0587733
1341,3,-0.464581,0.0587733
1342,3,0,0
1343,3,0,0
1344,3,0,0
1345,3,0,0
1346,3,0,0
1347,3,0,0
1348,3,0,0
1349,3,0,0
1350,3,0,0
1351,3,0,0
1352,3,0,0
1353,3,0,0
1354,3,0,0
1355,3,0,0
1356,3,0,0
1357,3,0,0
1358,3,0,0
1359,3,0,0
1360,3,0,0
1361,3,0,0
1362,3,0,0
1363,3,0,0
1364,3,0,0
1365,3,0,0
1366,3,0,0
1367,3,0,0
1368,3,0,0
1369,3,0,0
1370,3,0,0
1371,3,0,0
1372,3,0,0
1373,3,0,0
1374,3,0,0
1375,3,0,0
1376,3,0,0
1377,3,0,0
1378,3,0,0
1379,3,0,0
1380,3,0,0
1381,3,0,0
1382,3,0,0
1383,3,0,0
1384,3,0,0
1385,3,0,0
1386,3,0,0
1387,3,0,0
1388,3,0,0
1389,3,0,0
1390,3,0,0
1391,3,0,0
1392,3,0,0
1393,3,0,0
1394,3,0,0
1395,3,0,0
1396,3,0,0
1397,3,0,0
1398,3,0,0
1399,3,0,0
1400,3,0,0
1401,3,0,0
1402,3,0,0
1403,3,0,0
1404,3,0,0
1405,3,0,0
1406,3,0,0
1407,3,0,0
1408,3,0,0
1409,3,0,0
1410,3,0,0
1411,3,0,0
1412,3,0,0
1413,3,0,0
1414,3,0,0
1415,3,0,0
1416,3,0,0
1417,3,0,0
1418,3,0,0
1419,3,0,0
1420,3,0,0
1421,3,0,0
1422,3,0,0
1423,3,0,0
1424,3,0,0
1425,3,0,0
1426,3,0,0
1427,3,0,0
1428,3,0,0
1429,3,0,0
1430,3,0,0
1431,3,0,0
1432,3,0,0
1433,3,0,0
1434,3,0,0
1435,3,0,0
1436,3,0,0
1437,3,0,0
1438,3,0,0
1439,3,0,0
1440,3,0,0
1441,3,0,0
1442,3,0,0
1443,3,0,0
1444,3,0,0
1445,3,0,0
1446,3,0,0
1447,3,0,0
1448,3,0,0
1449,3,0,0
1450,3,0,0
1451,3,0,0
1452,3,0,0
1453,3,0,0
1454,3,0,0
1455,3,0,0
1456,3,0,0
1457,3,0,0
1458,3,0,0
1459,3,0,0
1460,3,0,0
1461,3,0,0
1462,3,0,0
1463,3,0,0
1464,3,0,0
1465,3,0,0
1466,3,0,0
1467,3,0,0
1468,3,0,0
1469,3,0,0
1470,3,0,0
1471,3,0,0
1472,3,0,0
1473,3,0,0
1474,3,0,0
1475,3,0,0
1476,3,0,0
1477,3,0,0
1478,3,0,0
1479,3,0,0
1480,3,0,0
1481,3,0,0
1482,3,0,0
1483,3,0,0
1484,3,0,0
1485,3,0,0
1486,3,0,0
1487,3,0,0
1488,3,0,0
1489,3,0,0
1490,3,0,0
1491,3,0,0
1492,3,0,0
1493,3,0,0
1494,3,0,0
1495,3,0,0
1496,3,0,0
1497,3,0,0
1498,3,0,0
1499,3,0,0
1500,3,0,0
1501,3,0,0
1502,3,0,0
1503,3,0,0
1504,3,0,0
1505,3,0,0
1506,3,0,0
1507,3,0,0
1508,3,0,0
1509,3,0,0
1510,3,0,0
1511,3,0,0
1512,3,0,0
1513,3,0,0
1514,3,0,0
1515,3,0,0
1516,3,0,0
1517,3,0,0
1518,3,0,0
1519,3,0,0
1520,3,0,0
1521,3,0,0
1522,3,0,0
1523,3,0,0
1524,3,0,0
1525,3,0,0
1526,3,0,0
1527,3,0,0
1528,3,0,0
1529,3,0,0
1530,3,0,0
1531,3,0,0
1532,3,0,0
1533,3,0,0
1534,3,0,0
1535,3,0,0
1536,3,0,0
1537,3,0,0
1538,3,0,0
1539,3,0,0
1540,3,0,0
1541,3,0.464581,0.0587733
1542,3,0.466445,0.0609432
1543,3,0.468309,0.063113
1544,3,0.470174,0.0652828
1545,3,0.472038,0.0674526
1546,3,0.473902,0.0696225
1547,3,0.475766,0.0717923
1548,3,0.47763,0.0739621
1549,3,0.479494,0.0761319
1550,3,0.481358,0.0783018
1551,3,0.483223,0.0804716
1552,3,0.485087,0.0826414
1553,3,0.486951,0.0848112
1554,3,0.488815,0.0869811
1555,3,0.490679,0.0891509
1556,3,0.492543,0.0913207
1557,3,0.494408,0.0934905
1558,3,0.496272,0.0956604
1559,3,0.498136,0.0978302
1560,3,0.5,0.1
1561,4,-0.5,-0.1
1562,4,-0.498136,-0.0978302
1563,4,-0.496272,-0.0956604
1564,4,-0.494408,-0.0934905
1565,4,-0.492543,-0.0913207
1566,4,-0.490679,-0.0891509
1567,4,-0.488815,-0.0869811
1568,4,-0.486951,-0.0848112
1569,4,-0.485087,-0.0826414
1570,4,-0.483223,-0.0804716
1571,4,-0.481359,-0.0783018
1572,4,-0.479494,-0.0761319
1573,4,-0.47763,-0.0739621
1574,4,-0.475766,-0.0717923
1575,4,-0.473902,-0.0696225
1576,4,-0.472038,-0.0674526
1577,4,-0.470174,-0.0652828
1578,4,-0.468309,-0.063113
1579,4,-0.466445,-0.0609432
1580,4,-0.464581,-0.0587733
1581,4,-0.464581,-0.0587733
1582,4,0,0
1583,4,0,0
1584,4,0,0
1585,4,0,0
1586,4,0,0
1587,4,0,0
1588,4,0,0
1589,4,0,0
1590,4,0,0
1591,4,0,0
1592,4,0,0
1593,4,0,0
1594,4,0,0
1595,4,0,0
1596,4,0,0
1597,4,0,0
1598,4,0,0
1599,4,0,0
1600,4,0,0
1601,4,0,0
1602,4,0,0
1603,4,0,0
1604,4,0,0
1605,4,0,0
1606,4,0,0
1607,4,0,0
1608,4,0,0
1609,4,0,0
1610,4,0,0
1611,4,0,0
1612,4,0,0
1613,4,0,0
1614,4,0,0
1615,4,0,0
1616,4,0,0
1617,4,0,0
1618,4,0,0
1619,4,0,0
1620,4,0,0
1621,4,0,0
1622,4,0,0
1623,4,0,0
1624,4,0,0
1625,4,0,0
1626,4,0,0
1627,4,0,0
1628,4,0,0
1629,4,0,0
1630,4,0,0
1631,4,0,0
1632,4,0,0
1633,4,0,0
1634,4,0,0
1635,4,0,0
1636,4,0,0
1637,4,0,0
1638,4,0,0
1639,4,0,0
1640,4,0,0
1641,4,0,0
1642,4,0,0
1643,4,0,0
1644,4,0,0
1645,4,0,0
1646,4,0,0
1647,4,0,0
1648,4,0,0
1649,4,0,0
1650,4,0,0
1651,4,0,0
1652,4,0,0
1653,4,0,0
1654,4,0,0
1655,4,0,0
1656,4,0,0
1657,4,0,0
1658,4,0,0
1659,4,0,0
1660,4,0,0
1661,4,0,0
1662,4,0,0
1663,4,0,0
1664,4,0,0
1665,4,0,0
1666,4,0,0
1667,4,0,0
1668,4,0,0
1669,4,0,0
1670,4,0,0
1671,4,0,0
1672,4,0,0
1673,4,0,0
1674,4,0,0
1675,4,0,0
1676,4,0,0
1677,4,0,0
1678,4,0,0
1679,4,0,0
1680,4,0,0
1681,4,0,0
1682,4,0,0
1683,4,0,0
1684,4,0,0
1685,4,0,0
1686,4,0,0
1687,4,0,0
1688,4,0,0
1689,4,0,0
1690,4,0,0
1691,4,0,0
1692,4,0,0
1693,4,0,0
1694,4,0,0
1695,4,0,0
1696,4,0,0
1697,4,0,0
1698,4,0,0
1699,4,0,0
1700,4,0,0
1701,4,0,0
1702,4,0,0
1703,4,0,0
1704,4,0,0
1705,4,0,0
1706,4,0,0
1707,4,0,0
1708,4,0,0
1709,4,0,0
1710,4,0,0
1711,4,0,0
1712,4,0,0
1713,4,0,0
1714,4,0,0
1715,4,0,0
1716,4,0,0
1717,4,0,0
1718,4,0,0
1719,4,0,0
1720,4,0,0
1721,4,0,0
1722,4,0,0
1723,4,0,0
1724,4,0,0
1725,4,0,0
1726,4,0,0
1727,4,0,0
1728,4,0,0
1729,4,0,0
1730,4,0,0
1731,4,0,0
1732,4,0,0
1733,4,0,0
1734,4,0,0
1735,4,0,0
1736,4,0,0
1737,4,0,0
1738,4,0,0
1739,4,0,0
1740,4,0,0
1741,4,0,0
1742,4,0,0
1743,4,0,0
1744,4,0,0
1745,4,0,0
1746,4,0,0
1747,4,0,0
1748,4,0,0
1749,4,0,0
1750,4,0,0
1751,4,0,0
1752,4,0,0
1753,4,0,0
1754,4,0,0
1755,4,0,0
1756,4,0,0
1757,4,0,0
1758,4,0,0
1759,4,0,0
1760,4,0,0
1761,4,0,0
1762,4,0,0
1763,4,0,0
1764,4,0,0
1765,4,0,0
1766,4,0,0
1767,4,0,0
1768,4,0,0
1769,4,0,0
1770,4,0,0
1771,4,0,0
1772,4,0,0
1773,4,0,0
1774,4,0,0
1775,4,0,0
1776,4,0,0
1777,4,0,0
1778,4,0,0
1779,4,0,0
1780,4,0,0
1781,4,0.464581,-0.0587733
1782,4,0.466445,-0.0609432
1783,4,0.468309,-0.063113
1784,4,0.470174,-0.0652828
1785,4,0.472038,-0.0674526
1786,4,0.473902,-0.0696225
1787,4,0.475766,-0.0717923
1788,4,0.47763,-0.0739621
1789,4,0.479494,-0.0761319
1790,4,0.481358,-0.0783018
1791,4,0.483223,-0.0804716
1792,4,0.485087,-0.0826414
1793,4,0.486951,-0.0848112
1794,4,0.488815,-0.0869811
1795,4,0.490679,-0.0891509
1796,4,0.492543,-0.0913207
1797,4,0.494408,-0.0934905
1798,4,0.496272,-0.0956604
1799,4,0.498136,-0.0978302
1800,4,0.5,-0.1
1801,5,-0.5,0.1
1802,5,-0.498136,0.0978302
1803,5,-0.496272,0.0956604
1804,5,-0.494408,0.0934905
1805,5,-0.492543,0.0913207
1806,5,-0.490679,0.0891509
1807,5,-0.488815,0.0869811
1808,5,-0.486951,0.0848112
1809,5,-0.485087,0.0826414
1810,5,-0.483223,0.0804716
1811,5,-0.481359,0.0783018
1812,5,-0.479494,0.0761319
1813,5,-0.47763,0.0739621
1814,5,-0.475766,0.0717923
1815,5,-0.473902,0.0696225
1816,5,-0.472038,0.0674526
1817,5,-0.470174,0.0652828
1818,5,-0.468309,0.063113
1819,5,-0.466445,0.0609432
1820,5,-0.464581,0.0587733
1821,5,-0.464581,0.0587733
1822,5,0,0
1823,5,0,0
1824,5,0,0
1825,5,0,0
1826,5,0,0
1827,5,0,0
1828,5,0,0
1829,5,0,0
1830,5,0,0
1831,5,0,0
1832,5,0,0
1833,5,0,0
1834,5,0,0
1835,5,0,0
1836,5,0,0
1837,5,0,0
1838,5,0,0
1839,5,0,0
1840,5,0,0
1841,5,0,0
1842,5,0,0
1843,5,0,0
1844,5,0,0
1845,5,0,0
1846,5,0,0
1847,5,0,0
1848,5,0,0
1849,5,0,0
1850,5,0,0
1851,5,0,0
1852,5,0,0
1853,5,0,0
1854,5,0,0
1855,5,0,0
1856,5,0,0
1857,5,0,0
1858,5,0,0
1859,5,0,0
1860,5,0,0
1861,5,0,0
1862,5,0,0
1863,5,0,0
1864,5,0,0
1865,5,0,0
1866,5,0,0
1867,5,0,0
1868,5,0,0
1869,5,0,0
1870,5,0,0
1871,5,0,0
1872,5,0,0
1873,5,0,0
1874,5,0,0
1875,5,0,0
1876,5,0,0
1877,5,0,0
1878,5,0,0
1879,5,0,0
1880,5,0,0
1881,5,0,0
1882,5,0,0
1883,5,0,0
1884,5,0,0
1885,5,0,0
1886,5,0,0
1887,5,0,0
1888,5,0,0
1889,5,0,0
1890,5,0,0
1891,5,0,0
1892,5,0,0
1893,5,0,0
1894,5,0,0
1895,5,0,0
1896,5,0,0
1897,5,0,0
1898,5,0,0
1899,5,0,0
1900,5,0,0
1901,5,0,0
1902,5,0,0
1903,5,0,0
1904,5,0,0
1905,5,0,0
1906,5,0,0
1907,5,0,0
1908,5,0,0
1909,5,0,0
1910,5,0,0
1911,5,0,0
1912,5,0,0
1913,5,0,0
1914,5,0,0
1915,5,0,0
1916,5,0,0
1917,5,0,0
1918,5,0,0
1919,5,0,0
1920,5,0,0
1921,5,0,0
1922,5,0,0
1923,5,0,0
1924,5,0,0
1925,5,0,0
1926,5,0,0
1927,5,0,0
1928,5,0,0
1929,5,0,0
1930,5,0,0
1931,5,0,0
1932,5,0,0
1933,5,0,0
1934,5,0,0
1935,5,0,0
1936,5,0,0
1937,5,0,0
1938,5,0,0
1939,5,0,0
1940,5,0,0
1941,5,0,0
1942,5,0,0
1943,5,0,0
1944,5,0,0
1945,5,0,0
1946,5,0,0
1947,5,0,0
1948,5,0,0
1949,5,0,0
1950,5,0,0
1951,5,0,0
1952,5,0,0
1953,5,0,0
1954,5,0,0
1955,5,0,0
1956,5,0,0
1957,5,0,0
1958,5,0,0
1959,5,0,0
1960,5,0,0
1961,5,0,0
1962,5,0,0
1963,5,0,0
1964,5,0,0
1965,5,0,0
1966,5,0,0
1967,5,0,0
1968,5,0,0
1969,5,0,0
1970,5,0,0
1971,5,0,0
1972,5,0,0
1973,5,0,0
1974,5,0,0
1975,5,0,0
1976,5,0,0
1977,5,0,0
1978,5,0,0
1979,5,0,0
1980,5,0,0
1981,5,0,0
1982,5,0,0
1983,5,0,0
1984,5,0,0
1985,5,0,0
1986,5,0,0
1987,5,0,0
1988,5,0,0
1989,5,0,0
1990,5,0,0
1991,5,0,0
1992,5,0,0
1993,5,0,0
1994,5,0,0
1995,5,0,0
1996,5,0,0
1997,5,0,0
1998,5,0,0
1999,5,0,0
2000,5,0,0
2001,5,0,0
2002,5,0,0
2003,5,0,0
2004,5,0,0
2005,5,0,0
2006,5,0,0
2007,5,0,0
2008,5,0,0
2009,5,0,0
2010,5,0,0
2011,5,0,0
2012,5,0,0
2013,5,0,0
2014,5,0,0
2015,5,0,0
2016,5,0,0
2017,5,0,0
2018,5,0,0
2019,5,0,0
2020,5,0,0
2021,5,0,0.0587733
2022,5,0,0.0609432
2023,5,0,0.063113
2024,5,0,0.0652828
2025,5,0,0.0674526
2026,5,0,0.0696225
2027,5,0,0.0717923
2028,5,0,0.0739621
2029,5,0,0.0761319
2030,5,0,0.0783018
2031,5,0,0.0804716
2032,5,0,0.0826414
2033,5,0,0.0848112
2034,5,0,0.0869811
2035,5,0,0.0891509
2036,5,0,0.0913207
2037,5,0,0.0934905
2038,5,0,0.0956604
2039,5,0,0.0978302
2040,5,0,0.1
2041,5,0,0.1
2042,5,0,0.1
2043,5,0,0.1
2044,5,0,0.1
2045,5,0,0.1
2046,5,0,0.1
2047,5,0,0.1
2048,5,0,0.1
2049,5,0,0.1
2050,5,0,0.1
2051,5,0,0.1
2052,5,0,0.1
2053,5,0,0.1
2054,5,0,0.1
2055,5,0,0.1
2056,5,0,0.1
2057,5,0,0.1
2058,5,0,0.1
2059,5,0,0.1
2060,5,0,0.1
2061,5,0,0.1
2062,5,0,0.1
2063,5,0,0.1
2064,5,0,0.1
2065,5,0,0.1
2066,5,0,0.1
2067,5,0,0.1
2068,5,0,0.1
2069,5,0,0.1
2070,5,0,0.1
2071,5,0,0.1
2072,5,0,0.1
2073,5,0,0.1
2074,5,0,0.1
2075,5,0,0.1
2076,5,0,0.1
2077,5,0,0.1
2078,5,0,0.1
2079,5,0,0.1
2080,5,0,0.1
2081,5,0,0.1
2082,5,0,0.1
2083,5,0,0.1
2084,5,0,0.1
2085,5,0,0.1
2086,5,0,0.1
2087,5,0,0.1
2088,5,0,0.1
2089,5,0,0.1
2090,5,0,0.1
2091,5,0,0.1
2092,5,0,0.1
2093,5,0,0.1
2094,5,0,0.1
2095,5,0,0.1
2096,5,0,0.1
2097,5,0,0.1
2098,5,0,0.1
2099,5,0,0.1
2100,5,0,0.1
2101,5,0,0.1
2102,5,0,0.1
2103,5,0,0.1
2104,5,0,0.1
2105,5,0,0.1
2106,5,0,0.1
2107,5,0,0.1
2108,5,0,0.1
2109,5,0,0.1
2110,5,0,0.1
2111,5,0,0.1
2112,5,0,0.1
2113,5,0,0.1
2114,5,0,0.1
2115,5,0,0.1
2116,5,0,0.1
2117,5,0,0.1
2118,5,0,0.1
2119,5,0,0.1
2120,5,0,0.1
2121,5,0,0.1
2122,5,0,0.1
2123,5,0,0.1
2124,5,0,0.1
2125,5,0,0.1
2126,5,0,0.1
2127,5,0,0.1
2128,5,0,0.1
2129,5,0,0.1
2130,5,0,0.1
2131,5,0,0.1
2132,5,0,0.1
2133,5,0,0.1
2134,5,0,0.1
2135,5,0,0.1
2136,5,0,0.1
2137,5,0,0.1
2138,5,0,0.1
2139,5,0,0.1
2140,5,0,0.1
2141,5,0,0.1
2142,5,0,0.1
2143,5,0,0.1
2144,5,0,0.1
2145,5,0,0.1
2146,5,0,0.1
2147,5,0,0.1
2148,5,0,0.1
2149,5,0,0.1
2150,5,0,0.1
2151,5,0,0.1
2152,5,0,0.1
2153,5,0,0.1
2154,5,0,0.1
2155,5,0,0.1
2156,5,0,0.1
2157,5,0,0.1
2158,5,0,0.1
2159,5,0,0.1
2160,5,0,0.1
2161,5,0,0.1
2162,5,0,0.1
2163,5,0,0.1
2164,5,0,0.1
2165,5,0,0.1
2166,5,0,0.1
2167,5,0,0.1
2168,5,0,0.1
2169,5,0,0.1
2170,5,0,0.1
2171,5,0,0.1
2172,5,0,0.1
2173,5,0,0.1
2174,5,0,0.1
2175,5,0,0.1
2176,5,0,0.1
2177,5,0,0.1
2178,5,0,0.1
2179,5,0,0.1
2180,5,0,0.1
2181,5,0,0.1
2182,5,0,0.1
2183,5,0,0.1
2184,5,0,0.1
2185,5,0,0.1
2186,5,0,0.1
2187,5,0,0.1
2188,5,0,0.1
2189,5,0,0.1
2190,5,0,0.1
2191,5,0,0.1
2192,5,0,0.1
2193,5,0,0.1
2194,5,0,0.1
2195,5,0,0.1
2196,5,0,0.1
2197,5,0,0.1
2198,5,0,0.1
2199,5,0,0.1
2200,5,0,0.1
2201,5,0,0.1
2202,5,0,0.1
2203,5,0,0.1
2204,5,0,0.1
2205,5,0,0.1
2206,5,0,0.1
2207,5,0,0.1
2208,5,0,0.1
2209,5,0,0.1
2210,5,0,0.1
2211,5,0,0.1
2212,5,0,0.1
2213,5,0,0.1
2214,5,0,0.1
2215,5,0,0.1
2216,5,0,0.1
2217,5,0,0.1
2218,5,0,0.1
2219,5,0,0.1
2220,5,0,0.1
2221,5,0,0.1
2222,5,0,0.1
2223,5,0,0.1
2224,5,0,0.1
2225,5,0,0.1
2226,5,0,0.1
2227,5,0,0.1
2228,5,0,0.1
2229,5,0,0.1
2230,5,0,0.1
2231,5,0,0.1
2232,5,0,0.1
2233,5,0,0.1
2234,5,0,0.1
2235,5,0,0.1
2236,5,0,0.1
2237,5,0,0.1
2238,5,0,0.1
2239,5,0,0.1
2240,5,0,0.1
2241,5,0,0.1
2242,5,0,0.1
2243,5,0,0.1
2244,5,0,0.1
2245,5,0,0.1
2246,5,0,0.1
2247,5,0,0.1
2248,5,0,0.1
2249,5,0,0.1
2250,5,0,0.1
2251,5,0,0.1
2252,5,0,0.1
2253,5,0,0.1
2254,5,0,0.1
2255,5,0,0.1
2256,5,0,0.1
2257,5,0,0.1
2258,5,0,0.1
2259,5,0,0.1
2260,5,0,0.1
2261,5,0,0.1
2262,5,0,0.1
2263,5,0,0.1
2264,5,0,0.1
2265,5,0,0.1
2266,5,0,0.1
2267,5,0,0.1
2268,5,0,0.1
2269,5,0,0.1
2270,5,0,0.1
2271,5,0,0.1
2272,5,0,0.1
2273,5,0,0.1
2274,5,0,0.1
2275,5,0,0.1
2276,5,0,0.1
2277,5,0,0.1
2278,5,0,0.1
2279,5,0,0.1
2280,5,0,0.1
