-0.347807,-0.183344,-0.347807,-0.183344
-0.347807,-0.183344,-0.347801,-0.183344
-0.347807,-0.183344,-0.347781,-0.183344
-0.347807,-0.183344,-0.347749,-0.183344
-0.347807,-0.183344,-0.347704,-0.183344
-0.347807,-0.183344,-0.347645,-0.183344
-0.347807,-0.183344,-0.347575,-0.183344
-0.347807,-0.183344,-0.347491,-0.183344
-0.347807,-0.183344,-0.347395,-0.183344
-0.347807,-0.183344,-0.347287,-0.183344
-0.347807,-0.183344,-0.347166,-0.183344
-0.347807,-0.183344,-0.347033,-0.183344
-0.347807,-0.183344,-0.346887,-0.183344
-0.347807,-0.183344,-0.346729,-0.183344
-0.347807,-0.183344,-0.346559,-0.183344
-0.347807,-0.183344,-0.346377,-0.183344
-0.347807,-0.183344,-0.346182,-0.183344
-0.347807,-0.183344,-0.345976,-0.183344
-0.347807,-0.183344,-0.345758,-0.183344
-0.347807,-0.183344,-0.345527,-0.183344
-0.347807,-0.183344,-0.345286,-0.183344
-0.347807,-0.183344,-0.345032,-0.183344
-0.347807,-0.183344,-0.344767,-0.183344
-0.347807,-0.183344,-0.34449,-0.183344
-0.347807,-0.183344,-0.344201,-0.183344
-0.347807,-0.183344,-0.343901,-0.183344
-0.347807,-0.183344,-0.34359,-0.183344
-0.347807,-0.183344,-0.343267,-0.183344
-0.347807,-0.183344,-0.342933,-0.183344
-0.347807,-0.183344,-0.342588,-0.183344
-0.347807,-0.183344,-0.342231,-0.183344
-0.347807,-0.183344,-0.341864,-0.183344
-0.347807,-0.183344,-0.341485,-0.183344
-0.347807,-0.183344,-0.341096,-0.183344
-0.347807,-0.183344,-0.340696,-0.183344
-0.347807,-0.183344,-0.340284,-0.183344
-0.347807,-0.183344,-0.339863,-0.183344
-0.347807,-0.183344,-0.33943,-0.183344
-0.347807,-0.183344,-0.338987,-0.183344
-0.347807,-0.183344,-0.338533,-0.183344
-0.347807,-0.183344,-0.338069,-0.183344
-0.347807,-0.183344,-0.337594,-0.183344
-0.347807,-0.183344,-0.337109,-0.183344
-0.347807,-0.183344,-0.336613,-0.183344
-0.347807,-0.183344,-0.336108,-0.183344
-0.347807,-0.183344,-0.335592,-0.183344
-0.347807,-0.183344,-0.335066,-0.183344
-0.347807,-0.183344,-0.33453,-0.183344
-0.347807,-0.183344,-0.333984,-0.183344
-0.347807,-0.183344,-0.333428,-0.183344
-0.347807,-0.183344,-0.332862,-0.183344
-0.347807,-0.183344,-0.332287,-0.183344
-0.347807,-0.183344,-0.331702,-0.183344
-0.347807,-0.183344,-0.331107,-0.183344
-0.347807,-0.183344,-0.330502,-0.183344
-0.347807,-0.183344,-0.329888,-0.183344
-0.347807,-0.183344,-0.329265,-0.183344
-0.347807,-0.183344,-0.328632,-0.183344
-0.347807,-0.183344,-0.32799,-0.183344
-0.347807,-0.183344,-0.327338,-0.183344
-0.347807,-0.183344,-0.326678,-0.183344
-0.347807,-0.183344,-0.326008,-0.183344
-0.347807,-0.183344,-0.325329,-0.183344
-0.347807,-0.183344,-0.324642,-0.183344
-0.347807,-0.183344,-0.323945,-0.183344
-0.347807,-0.183344,-0.323239,-0.183344
-0.347807,-0.183344,-0.322525,-0.183344
-0.347807,-0.183344,-0.321802,-0.183344
-0.347807,-0.183344,-0.32107,-0.183344
-0.347807,-0.183344,-0.320329,-0.183344
-0.347807,-0.183344,-0.31958,-0.183344
-0.347807,-0.183344,-0.318823,-0.183344
-0.347807,-0.183344,-0.318057,-0.183344
-0.347807,-0.183344,-0.317283,-0.183344
-0.347807,-0.183344,-0.3165,-0.183344
-0.347807,-0.183344,-0.31571,-0.183344
-0.347807,-0.183344,-0.314911,-0.183344
-0.347807,-0.183344,-0.314104,-0.183344
-0.347807,-0.183344,-0.313289,-0.183344
-0.347807,-0.183344,-0.312466,-0.183344
-0.347807,-0.183344,-0.311635,-0.183344
-0.347807,-0.183344,-0.310797,-0.183344
-0.347807,-0.183344,-0.30995,-0.183344
-0.347807,-0.183344,-0.309096,-0.183344
-0.347807,-0.183344,-0.308234,-0.183344
-0.347807,-0.183344,-0.307365,-0.183344
-0.347807,-0.183344,-0.306488,-0.183344
-0.347807,-0.183344,-0.305604,-0.183344
-0.347807,-0.183344,-0.304712,-0.183344
-0.347807,-0.183344,-0.303814,-0.183344
-0.347807,-0.183344,-0.302907,-0.183344
-0.347807,-0.183344,-0.301994,-0.183344
-0.347807,-0.183344,-0.301074,-0.183344
-0.347807,-0.183344,-0.300146,-0.183344
-0.347807,-0.183344,-0.299212,-0.183344
-0.347807,-0.183344,-0.29827,-0.183344
-0.347807,-0.183344,-0.297322,-0.183344
-0.347807,-0.183344,-0.296367,-0.183344
-0.347807,-0.183344,-0.295406,-0.183344
-0.347807,-0.183344,-0.294437,-0.183344
-0.347807,-0.183344,-0.293462,-0.183344
-0.346068,-0.183344,-0.292481,-0.183344
-0.344329,-0.183344,-0.291493,-0.183344
-0.34259,-0.183344,-0.290499,-0.183344
-0.340851,-0.183344,-0.289498,-0.183344
-0.339112,-0.183344,-0.288491,-0.183344
-0.337373,-0.183344,-0.287478,-0.183344
-0.335634,-0.183344,-0.286459,-0.183344
-0.333895,-0.183344,-0.285434,-0.183344
-0.332156,-0.183344,-0.284402,-0.183344
-0.330417,-0.183344,-0.283365,-0.183344
-0.328678,-0.183344,-0.282322,-0.183344
-0.326939,-0.183344,-0.281273,-0.183344
-0.3252,-0.183344,-0.280218,-0.183344
-0.323461,-0.183344,-0.279158,-0.183344
-0.321722,-0.183344,-0.278092,-0.183344
-0.319983,-0.183344,-0.277021,-0.183344
-0.318244,-0.183344,-0.275944,-0.183344
-0.316505,-0.183344,-0.274861,-0.183344
-0.314765,-0.183344,-0.273774,-0.183344
-0.313026,-0.183344,-0.272681,-0.183344
-0.311287,-0.183344,-0.271583,-0.183344
-0.309548,-0.183344,-0.270479,-0.183344
-0.307809,-0.183344,-0.269371,-0.183344
-0.30607,-0.183344,-0.268257,-0.183344
-0.304331,-0.183344,-0.267139,-0.183344
-0.302592,-0.183344,-0.266016,-0.183344
-0.300853,-0.183344,-0.264888,-0.183344
-0.299114,-0.183344,-0.263755,-0.183344
-0.297375,-0.183344,-0.262617,-0.183344
-0.295636,-0.183344,-0.261475,-0.183344
-0.293897,-0.183344,-0.260328,-0.183344
-0.292158,-0.183344,-0.259177,-0.183344
-0.290419,-0.183344,-0.258021,-0.183344
-0.28868,-0.183344,-0.256861,-0.183344
-0.286941,-0.183344,-0.255697,-0.183344
-0.285202,-0.183344,-0.254528,-0.183344
-0.283463,-0.183344,-0.253355,-0.183344
-0.281724,-0.183344,-0.252178,-0.183344
-0.279985,-0.183344,-0.250997,-0.183344
-0.278246,-0.183344,-0.249812,-0.183344
-0.276507,-0.183344,-0.248624,-0.183344
-0.274768,-0.183344,-0.247431,-0.183344
-0.273029,-0.183344,-0.246235,-0.183344
-0.27129,-0.183344,-0.245034,-0.183344
-0.269551,-0.183344,-0.24383,-0.183344
-0.267812,-0.183344,-0.242623,-0.183344
-0.266072,-0.183344,-0.241412,-0.183344
-0.264333,-0.183344,-0.240198,-0.183344
-0.262594,-0.183344,-0.23898,-0.183344
-0.260855,-0.183344,-0.237759,-0.183344
-0.259116,-0.183344,-0.236534,-0.183344
-0.257377,-0.183344,-0.235307,-0.183344
-0.255638,-0.183344,-0.234076,-0.183344
-0.253899,-0.183344,-0.232842,-0.183344
-0.25216,-0.183344,-0.231606,-0.183344
-0.250421,-0.183344,-0.230366,-0.183344
-0.248682,-0.183344,-0.229123,-0.183344
-0.246943,-0.183344,-0.227878,-0.183344
-0.245204,-0.183344,-0.22663,-0.183344
-0.243465,-0.183344,-0.225379,-0.183344
-0.241726,-0.183344,-0.224126,-0.183344
-0.239987,-0.183344,-0.22287,-0.183344
-0.238248,-0.183344,-0.221611,-0.183344
-0.236509,-0.183344,-0.22035,-0.183344
-0.23477,-0.183344,-0.219087,-0.183344
-0.233031,-0.183344,-0.217822,-0.183344
-0.231292,-0.183344,-0.216554,-0.183344
-0.229553,-0.183344,-0.215284,-0.183344
-0.227814,-0.183344,-0.214012,-0.183344
-0.226075,-0.183344,-0.212738,-0.183344
-0.224336,-0.183344,-0.211463,-0.183344
-0.222597,-0.183344,-0.210185,-0.183344
-0.220858,-0.183344,-0.208905,-0.183344
-0.219119,-0.183344,-0.207624,-0.183344
-0.217379,-0.183344,-0.206341,-0.183344
-0.21564,-0.183344,-0.205056,-0.183344
-0.213901,-0.183344,-0.20377,-0.183344
-0.212162,-0.183344,-0.202482,-0.183344
-0.210423,-0.183344,-0.201193,-0.183344
-0.208684,-0.183344,-0.199902,-0.183344
-0.206945,-0.183344,-0.19861,-0.183344
-0.205206,-0.183344,-0.197317,-0.183344
-0.203467,-0.183344,-0.196023,-0.183344
-0.201728,-0.183344,-0.194727,-0.183344
-0.199989,-0.183344,-0.193431,-0.183344
-0.19825,-0.183344,-0.192134,-0.183344
-0.196511,-0.183344,-0.190835,-0.183344
-0.194772,-0.183344,-0.189536,-0.183344
-0.193033,-0.183344,-0.188236,-0.183344
-0.191294,-0.183344,-0.186935,-0.183344
-0.189555,-0.183344,-0.185634,-0.183344
-0.187816,-0.183344,-0.184332,-0.183344
-0.186077,-0.183344,-0.18303,-0.183344
-0.184338,-0.183344,-0.181727,-0.183344
-0.182599,-0.183344,-0.180424,-0.183344
-0.18086,-0.183344,-0.17912,-0.183344
-0.179121,-0.183344,-0.177816,-0.183344
-0.177382,-0.183344,-0.176512,-0.183344
-0.175643,-0.183344,-0.175208,-0.183344
-0.173904,-0.183344,-0.173904,-0.183344
-0.172165,-0.183344,-0.172599,-0.183344
-0.170426,-0.183344,-0.171295,-0.183344
-0.168686,-0.183344,-0.169991,-0.183344
-0.166947,-0.183344,-0.168687,-0.183344
-0.165208,-0.183344,-0.167384,-0.183344
-0.163469,-0.183344,-0.16608,-0.183344
-0.16173,-0.183344,-0.164777,-0.183344
-0.159991,-0.183344,-0.163475,-0.183344
-0.158252,-0.183344,-0.162173,-0.183344
-0.156513,-0.183344,-0.160872,-0.183344
-0.154774,-0.183344,-0.159571,-0.183344
-0.153035,-0.183344,-0.158271,-0.183344
-0.151296,-0.183344,-0.156972,-0.183344
-0.149557,-0.183344,-0.155674,-0.183344
-0.147818,-0.183344,-0.154376,-0.183344
-0.146079,-0.183344,-0.15308,-0.183344
-0.14434,-0.183344,-0.151784,-0.183344
-0.142601,-0.183344,-0.15049,-0.183344
-0.140862,-0.183344,-0.149197,-0.183344
-0.139123,-0.183344,-0.147905,-0.183344
-0.137384,-0.183344,-0.146614,-0.183344
-0.135645,-0.183344,-0.145325,-0.183344
-0.133906,-0.183344,-0.144037,-0.183344
-0.132167,-0.183344,-0.142751,-0.183344
-0.130428,-0.183344,-0.141466,-0.183344
-0.128689,-0.183344,-0.140183,-0.183344
-0.12695,-0.183344,-0.138902,-0.183344
-0.125211,-0.183344,-0.137622,-0.183344
-0.123472,-0.183344,-0.136345,-0.183344
-0.121733,-0.183344,-0.135069,-0.183344
-0.119993,-0.183344,-0.133795,-0.183344
-0.118254,-0.183344,-0.132523,-0.183344
-0.116515,-0.183344,-0.131253,-0.183344
-0.114776,-0.183344,-0.129985,-0.183344
-0.113037,-0.183344,-0.12872,-0.183344
-0.111298,-0.183344,-0.127457,-0.183344
-0.109559,-0.183344,-0.126196,-0.183344
-0.10782,-0.183344,-0.124937,-0.183344
-0.106081,-0.183344,-0.123682,-0.183344
-0.104342,-0.183344,-0.122428,-0.183344
-0.102603,-0.183344,-0.121177,-0.183344
-0.100864,-0.183344,-0.119929,-0.183344
-0.099125,-0.183344,-0.118684,-0.183344
-0.097386,-0.183344,-0.117441,-0.183344
-0.095647,-0.183344,-0.116202,-0.183344
-0.0939079,-0.183344,-0.114965,-0.183344
-0.0921689,-0.183344,-0.113731,-0.183344
-0.0904299,-0.183344,-0.1125,-0.183344
-0.0886908,-0.183344,-0.111273,-0.183344
-0.0869518,-0.183344,-0.110048,-0.183344
-0.0852128,-0.183344,-0.108827,-0.183344
-0.0834737,-0.183344,-0.107609,-0.183344
-0.0817347,-0.183344,-0.106395,-0.183344
-0.0799956,-0.183344,-0.105184,-0.183344
-0.0782566,-0.183344,-0.103977,-0.183344
-0.0765176,-0.183344,-0.102773,-0.183344
-0.0747785,-0.183344,-0.101573,-0.183344
-0.0730395,-0.183344,-0.100376,-0.183344
-0.0713005,-0.183344,-0.0991835,-0.183344
-0.0695614,-0.183344,-0.0979947,-0.183344
-0.0678224,-0.183344,-0.0968097,-0.183344
-0.0660834,-0.183344,-0.0956288,-0.183344
-0.0643443,-0.183344,-0.0944519,-0.183344
-0.0626053,-0.183344,-0.0932791,-0.183344
-0.0608663,-0.183344,-0.0921105,-0.183344
-0.0591272,-0.183344,-0.0909461,-0.183344
-0.0573882,-0.183344,-0.089786,-0.183344
-0.0556491,-0.183344,-0.0886303,-0.183344
-0.0539101,-0.183344,-0.087479,-0.183344
-0.0521711,-0.183344,-0.0863323,-0.183344
-0.050432,-0.183344,-0.0851901,-0.183344
-0.048693,-0.183344,-0.0840525,-0.183344
-0.046954,-0.183344,-0.0829196,-0.183344
-0.0452149,-0.183344,-0.0817915,-0.183344
-0.0434759,-0.183344,-0.0806682,-0.183344
-0.0417369,-0.183344,-0.0795498,-0.183344
-0.0399978,-0.183344,-0.0784363,-0.183344
-0.0382588,-0.183344,-0.0773279,-0.183344
-0.0365198,-0.183344,-0.0762245,-0.183344
-0.0347807,-0.183344,-0.0751263,-0.183344
-0.0330417,-0.183344,-0.0740334,-0.183344
-0.0313026,-0.183344,-0.0729457,-0.183344
-0.0295636,-0.183344,-0.0718633,-0.183344
-0.0278246,-0.183344,-0.0707864,-0.183344
-0.0260855,-0.183344,-0.069715,-0.183344
-0.0243465,-0.183344,-0.068649,-0.183344
-0.0226075,-0.183344,-0.0675887,-0.183344
-0.0208684,-0.183344,-0.0665341,-0.183344
-0.0191294,-0.183344,-0.0654852,-0.183344
-0.0173904,-0.183344,-0.0644421,-0.183344
-0.0156513,-0.183344,-0.0634049,-0.183344
-0.0139123,-0.183344,-0.0623737,-0.183344
-0.0121733,-0.183344,-0.0613484,-0.183344
-0.0104342,-0.183344,-0.0603292,-0.183344
-0.00869518,-0.183344,-0.0593161,-0.183344
-0.00695614,-0.183344,-0.0583092,-0.183344
-0.00521711,-0.183344,-0.0573085,-0.183344
-0.00347807,-0.183344,-0.0563142,-0.183344
-0.00173904,-0.183344,-0.0553263,-0.183344
0,-0.183344,-0.0543449,-0.183344
0,-0.183344,-0.0533699,-0.183344
0,-0.183344,-0.0524016,-0.183344
0,-0.183344,-0.0514399,-0.183344
0,-0.183344,-0.0504849,-0.183344
0,-0.183344,-0.0495367,-0.183344
0,-0.183344,-0.0485954,-0.183344
0,-0.183344,-0.0476609,-0.183344
0,-0.183344,-0.0467335,-0.183344
0,-0.183344,-0.045813,-0.183344
0,-0.183344,-0.0448997,-0.183344
0,-0.183344,-0.0439936,-0.183344
0,-0.183344,-0.0430947,-0.183344
0,-0.183344,-0.0422031,-0.183344
0,-0.183344,-0.0413189,-0.183344
0,-0.183344,-0.0404421,-0.183344
0,-0.183344,-0.0395728,-0.183344
0,-0.183344,-0.0387111,-0.183344
0,-0.183344,-0.037857,-0.183344
0,-0.183344,-0.0370106,-0.183344
0,-0.183344,-0.0361719,-0.183344
0,-0.183344,-0.0353411,-0.183344
0,-0.183344,-0.0345182,-0.183344
0,-0.183344,-0.0337032,-0.183344
0,-0.183344,-0.0328963,-0.183344
0,-0.183344,-0.0320974,-0.183344
0,-0.183344,-0.0313067,-0.183344
0,-0.183344,-0.0305242,-0.183344
0,-0.183344,-0.02975,-0.183344
0,-0.183344,-0.0289842,-0.183344
0,-0.183344,-0.0282267,-0.183344
0,-0.183344,-0.0274778,-0.183344
0,-0.183344,-0.0267373,-0.183344
0,-0.183344,-0.0260055,-0.183344
0,-0.183344,-0.0252824,-0.183344
0,-0.183344,-0.024568,-0.183344
0,-0.183344,-0.0238624,-0.183344
0,-0.183344,-0.0231656,-0.183344
0,-0.183344,-0.0224778,-0.183344
0,-0.183344,-0.021799,-0.183344
0,-0.183344,-0.0211293,-0.183344
0,-0.183344,-0.0204687,-0.183344
0,-0.183344,-0.0198173,-0.183344
0,-0.183344,-0.0191751,-0.183344
0,-0.183344,-0.0185423,-0.183344
0,-0.183344,-0.0179189,-0.183344
0,-0.183344,-0.0173049,-0.183344
0,-0.183344,-0.0167004,-0.183344
0,-0.183344,-0.0161056,-0.183344
0,-0.183344,-0.0155203,-0.183344
0,-0.183344,-0.0149448,-0.183344
0,-0.183344,-0.0143791,-0.183344
0,-0.183344,-0.0138232,-0.183344
0,-0.183344,-0.0132773,-0.183344
0,-0.183344,-0.0127413,-0.183344
0,-0.183344,-0.0122154,-0.183344
0,-0.183344,-0.0116995,-0.183344
0,-0.183344,-0.0111939,-0.183344
0,-0.183344,-0.0106985,-0.183344
0,-0.183344,-0.0102133,-0.183344
0,-0.183344,-0.0097386,-0.183344
0,-0.183344,-0.00927429,-0.183344
0,-0.183344,-0.00882048,-0.183344
0,-0.183344,-0.00837723,-0.183344
0,-0.183344,-0.00794461,-0.183344
0,-0.183344,-0.00752269,-0.183344
0,-0.183344,-0.00711153,-0.183344
0,-0.183344,-0.00671119,-0.183344
0,-0.183344,-0.00632174,-0.183344
0,-0.183344,-0.00594325,-0.183344
0,-0.183344,-0.00557578,-0.183344
0,-0.183344,-0.0052194,-0.183344
0,-0.183344,-0.00487417,-0.183344
0,-0.183344,-0.00454016,-0.183344
0,-0.183344,-0.00421742,-0.183344
0,-0.183344,-0.00390604,-0.183344
0,-0.183344,-0.00360606,-0.183344
0,-0.183344,-0.00331757,-0.183344
0,-0.183344,-0.00304062,-0.183344
0,-0.183344,-0.00277527,-0.183344
0,-0.183344,-0.0025216,-0.183344
0,-0.183344,-0.00227967,-0.183344
0,-0.183344,-0.00204954,-0.183344
0,-0.183344,-0.00183128,-0.183344
0,-0.183344,-0.00162496,-0.183344
0,-0.183344,-0.00143063,-0.183344
0,-0.183344,-0.00124837,-0.183344
0,-0.183344,-0.00107823,-0.183344
0,-0.183344,-0.000920298,-0.183344
0,-0.183344,-0.000774621,-0.183344
0,-0.183344,-0.000641269,-0.183344
0,-0.183344,-0.000520309,-0.183344
0,-0.183344,-0.000411804,-0.183344
0,-0.183344,-0.00031582,-0.183344
0,-0.183344,-0.000232422,-0.183344
0,-0.183344,-0.000161676,-0.183344
0,-0.183344,-0.000103647,-0.183344
0,-0.183344,-5.8399e-05,-0.183344
0,-0.183344,-2.59986e-05,-0.183344
0,-0.183344,-6.51052e-06,-0.183344
0,-0.183344,1.11022e-16,-0.183344
0,-0.183344,0,-0.183345
0,-0.183344,0,-0.183346
0,-0.183344,0,-0.183348
0,-0.183344,0,-0.183353
0,-0.183344,0,-0.183362
0,-0.183344,0,-0.183374
0,-0.183344,0,-0.183391
0,-0.183344,0,-0.183413
0,-0.183344,0,-0.183442
0,-0.183344,0,-0.183477
0,-0.183344,0,-0.183519
0,-0.183344,0,-0.183569
0,-0.183344,0,-0.183627
0,-0.183344,0,-0.183694
0,-0.183344,0,-0.183771
0,-0.183344,0,-0.183857
0,-0.183344,0,-0.183953
0,-0.183344,0,-0.184061
0,-0.183344,0,-0.184179
0,-0.183344,0,-0.184308
0,-0.183344,0,-0.184449
0,-0.183344,0,-0.184603
0,-0.183344,0,-0.184768
0,-0.183344,0,-0.184946
0,-0.183344,0,-0.185137
0,-0.183344,0,-0.185341
0,-0.183344,0,-0.185559
0,-0.183344,0,-0.185789
0,-0.183344,0,-0.186034
0,-0.183344,0,-0.186292
0,-0.183344,0,-0.186563
0,-0.183344,0,-0.186849
0,-0.183344,0,-0.187149
0,-0.183344,0,-0.187463
0,-0.183344,0,-0.187791
0,-0.183344,0,-0.188133
0,-0.183344,0,-0.188489
0,-0.183344,0,-0.188859
0,-0.183344,0,-0.189243
0,-0.183344,0,-0.189641
0,-0.183344,0,-0.190054
0,-0.183344,0,-0.190479
0,-0.183344,0,-0.190919
0,-0.183344,0,-0.191372
0,-0.183344,0,-0.191839
0,-0.183344,0,-0.192318
0,-0.183344,0,-0.192811
0,-0.183344,0,-0.193317
0,-0.183344,0,-0.193835
0,-0.183344,0,-0.194366
0,-0.183344,0,-0.194909
0,-0.183344,0,-0.195464
0,-0.183344,0,-0.196031
0,-0.183344,0,-0.196609
0,-0.183344,0,-0.197198
0,-0.183344,0,-0.197798
0,-0.183344,0,-0.198408
0,-0.183344,0,-0.199029
0,-0.183344,0,-0.199659
0,-0.183344,0,-0.200299
0,-0.183344,0,-0.200949
0,-0.183344,0,-0.201606
0,-0.183344,0,-0.202273
0,-0.183344,0,-0.202947
0,-0.183344,0,-0.203628
0,-0.183344,0,-0.204317
0,-0.183344,0,-0.205013
0,-0.183344,0,-0.205715
0,-0.183344,0,-0.206422
0,-0.183344,0,-0.207136
0,-0.183344,0,-0.207854
0,-0.183344,0,-0.208576
0,-0.183344,0,-0.209303
0,-0.183344,0,-0.210033
0,-0.183344,0,-0.210766
0,-0.183344,0,-0.211501
0,-0.183344,0,-0.212239
0,-0.183344,0,-0.212978
0,-0.183344,0,-0.213718
0,-0.183344,0,-0.214459
0,-0.183344,0,-0.2152
0,-0.183344,0,-0.21594
0,-0.183344,0,-0.216679
0,-0.183344,0,-0.217417
0,-0.183344,0,-0.218152
0,-0.183344,0,-0.218885
0,-0.183344,0,-0.219615
0,-0.183344,0,-0.220341
0,-0.183344,0,-0.221062
0,-0.183344,0,-0.221779
0,-0.183344,0,-0.22249
0,-0.183344,0,-0.223196
0,-0.183344,0,-0.223895
0,-0.183344,0,-0.224587
0,-0.183344,0,-0.225271
0,-0.183344,0,-0.225948
0,-0.183344,0,-0.226615
0,-0.183344,0,-0.227274
0,-0.183344,0,-0.227922
0,-0.183344,0,-0.228561
0,-0.183344,0,-0.229188
0,-0.183344,0,-0.229804
0,-0.183344,0,-0.230409
0,-0.183344,0,-0.231
0,-0.183344,0,-0.231579
0,-0.183344,0,-0.232144
0,-0.183344,0,-0.232695
0,-0.183344,0,-0.233232
0,-0.183344,0,-0.233753
0,-0.183344,0,-0.234259
0,-0.183344,0,-0.234749
0,-0.183344,0,-0.235222
0,-0.183344,0,-0.235678
0,-0.183344,0,-0.236116
0,-0.183344,0,-0.236537
0,-0.183344,0,-0.236938
0,-0.183344,0,-0.237321
0,-0.183344,0,-0.237684
0,-0.183344,0,-0.238028
0,-0.183344,0,-0.238351
0,-0.183344,0,-0.238653
0,-0.183344,0,-0.238933
0,-0.183344,0,-0.239192
0,-0.183344,0,-0.239429
0,-0.183344,0,-0.239644
0,-0.183344,0,-0.239836
0,-0.183344,0,-0.240004
0,-0.183344,0,-0.240149
0,-0.183344,0,-0.240269
0,-0.183344,0,-0.240366
0,-0.183344,0,-0.240437
0,-0.183344,0,-0.240484
0,-0.183344,0,-0.240505
0,-0.183344,0,-0.240501
0,-0.183344,0,-0.240471
0,-0.183344,0,-0.240414
0,-0.183344,0,-0.240332
0,-0.183344,0,-0.240222
0,-0.183344,0,-0.240086
0,-0.183344,0,-0.239922
0,-0.183344,0,-0.239731
0,-0.183344,0,-0.239512
0,-0.183344,0,-0.239266
0,-0.183344,0,-0.238992
0,-0.183344,0,-0.23869
0,-0.183344,0,-0.23836
0,-0.183344,0,-0.238002
0,-0.183344,0,-0.237615
0,-0.183344,0,-0.2372
0,-0.183344,0,-0.236756
0,-0.183344,0,-0.236284
0,-0.183344,0,-0.235784
0,-0.183344,0,-0.235254
0,-0.183344,0,-0.234697
0,-0.183344,0,-0.234111
0,-0.183344,0,-0.233497
0,-0.183344,0,-0.232854
0,-0.183344,0,-0.232183
0,-0.183344,0,-0.231484
0,-0.183344,0,-0.230757
0,-0.183344,0,-0.230002
0,-0.183344,0,-0.22922
0,-0.183344,0,-0.228411
0,-0.183344,0,-0.227574
0,-0.183344,0,-0.22671
0,-0.183344,0,-0.22582
0,-0.183344,0,-0.224903
0,-0.183344,0,-0.22396
0,-0.183344,0,-0.222992
0,-0.183344,0,-0.221998
0,-0.183344,0,-0.22098
0,-0.183344,0,-0.219936
0,-0.183344,0,-0.218869
0,-0.183344,0,-0.217779
0,-0.183344,0,-0.216665
0,-0.183344,0,-0.215529
0,-0.183344,0,-0.21437
0,-0.183344,0,-0.213191
0,-0.183344,0,-0.21199
0,-0.183344,0,-0.210769
0,-0.183344,0,-0.209529
0,-0.183344,0,-0.20827
0,-0.183344,0,-0.206993
0,-0.183344,0,-0.205698
0,-0.183344,0,-0.204387
0,-0.183344,0,-0.20306
0,-0.183344,0,-0.201718
0,-0.183344,0,-0.200362
0,-0.183344,0,-0.198992
0,-0.183344,0,-0.197611
0,-0.183344,0,-0.196218
0,-0.183344,0,-0.194815
0,-0.183344,0,-0.193402
0,-0.183344,0,-0.191981
0,-0.183344,0,-0.190553
0,-0.183344,0,-0.189119
0,-0.183344,0,-0.187679
0,-0.183344,0,-0.186237
0,-0.183344,0,-0.184791
0,-0.183344,0,-0.183344
0,-0.1821,0,-0.1821
0,-0.180855,5.31801e-06,-0.180855
0,-0.17961,2.12126e-05,-0.17961
0,-0.178366,4.75944e-05,-0.178366
0,-0.177121,8.43742e-05,-0.177121
0,-0.175876,0.000131463,-0.175876
0,-0.174631,0.000188771,-0.174631
0,-0.173387,0.000256209,-0.173387
0,-0.172142,0.000333689,-0.172142
0,-0.170897,0.00042112,-0.170897
0,-0.169653,0.000518413,-0.169653
0,-0.168408,0.00062548,-0.168408
0,-0.167163,0.000742231,-0.167163
0,-0.165919,0.000868577,-0.165919
0,-0.164674,0.00100443,-0.164674
0,-0.163429,0.0011497,-0.163429
0,-0.162184,0.00130429,-0.162184
0,-0.16094,0.00146812,-0.16094
0,-0.159695,0.0016411,-0.159695
0,-0.15845,0.00182314,-0.15845
0,-0.157206,0.00201415,-0.157206
0,-0.155961,0.00221404,-0.155961
0,-0.154716,0.00242272,-0.154716
0,-0.153471,0.00264011,-0.153471
0,-0.152227,0.0028661,-0.152227
0,-0.150982,0.00310063,-0.150982
0,-0.149737,0.00334358,-0.149737
0,-0.148493,0.00359488,-0.148493
0,-0.147248,0.00385444,-0.147248
0,-0.146003,0.00412216,-0.146003
0,0,0.00439796,-0.146003
0,0,0.00468175,-0.144771
0,0,0.00497344,-0.143564
0,0,0.00527293,-0.142382
0,0,0.00558015,-0.141224
0,0,0.005895,-0.140089
0,0,0.00621739,-0.138978
0,0,0.00654723,-0.13789
0,0,0.00688444,-0.136824
0,0,0.00722892,-0.135781
0,0,0.00758059,-0.134759
0,0,0.00793935,-0.133758
0,0,0.00830512,-0.132779
0,0,0.0086778,-0.13182
0,0,0.00905731,-0.130881
0,0,0.00944357,-0.129962
0,0,0.00983647,-0.129063
0,0,0.0102359,-0.128183
0,0,0.0106419,-0.127322
0,0,0.0110542,-0.12648
0,0,0.0114728,-0.125655
0,0,0.0118976,-0.124849
0,0,0.0123285,-0.124061
0,0,0.0127655,-0.123289
0,0,0.0132083,-0.122535
0,0,0.0136571,-0.121798
0,0,0.0141116,-0.121077
0,0,0.0145717,-0.120373
0,0,0.0150374,-0.119684
0,0,0.0155087,-0.119012
0,0,0.0159853,-0.118354
0,0,0.0164672,-0.117713
0,0,0.0169544,-0.117086
0,0,0.0174466,-0.116474
0,0,0.017944,-0.115876
0,0,0.0184463,-0.115293
0,0,0.0189534,-0.114724
0,0,0.0194653,-0.114169
0,0,0.0199819,-0.113627
0,0,0.0205031,-0.113099
0,0,0.0210288,-0.112584
0,0,0.021559,-0.112083
0,0,0.0220934,-0.111594
0,0,0.0226321,-0.111119
0,0,0.023175,-0.110655
0,0,0.0237219,-0.110205
0,0,0.0242728,-0.109766
0,0,0.0248275,-0.109339
0,0,0.0253861,-0.108925
0,0,0.0259483,-0.108522
0,0,0.0265142,-0.108131
0,0,0.0270836,-0.107751
0,0,0.0276564,-0.107383
0,0,0.0282326,-0.107025
0,0,0.0288121,-0.106679
0,0,0.0293947,-0.106344
0,0,0.0299804,-0.10602
0,0,0.030569,-0.105706
0,0,0.0311606,-0.105403
0,0,0.031755,-0.10511
0,0,0.0323521,-0.104828
0,0,0.0329519,-0.104556
0,0,0.0335542,-0.104294
0,0,0.0341589,-0.104042
0,0,0.034766,-0.1038
0,0,0.0353754,-0.103568
0,0,0.035987,-0.103345
0,0,0.0366006,-0.103133
0,0,0.0372163,-0.10293
0,0,0.0378339,-0.102736
0,0,0.0384533,-0.102552
0,0,0.0390745,-0.102378
0,0,0.0396973,-0.102213
0,0,0.0403217,-0.102057
0,0,0.0409475,-0.10191
0,0,0.0415748,-0.101772
0,0,0.0422033,-0.101644
0,0,0.042833,-0.101524
0,0,0.0434639,-0.101414
0,0,0.0440958,-0.101313
0,0,0.0447286,-0.10122
0,0,0.0453623,-0.101137
0,0,0.0459967,-0.101062
0,0,0.0466318,-0.100996
0,0,0.0472674,-0.100939
0,0,0.0479036,-0.100891
0,0,0.0485402,-0.100852
0,0,0.049177,-0.100821
0,0,0.0498141,-0.100799
0,0,0.0504514,-0.100786
0,0,0.0510886,-0.100782
0,0,0.0517259,-0.100786
0,0,0.052363,-0.100799
0,0,0.0529998,-0.100821
0,0,0.0536364,-0.100852
0,0,0.0542726,-0.100891
0,0,0.0549082,-0.100939
0,0,0.0555433,-0.100996
0,0,0.0561777,-0.101062
0,0,0.0568114,-0.101137
0,0,0.0574442,-0.10122
0,0,0.0580761,-0.101313
0,0,0.058707,-0.101414
0,0,0.0593367,-0.101524
0,0,0.0599652,-0.101644
0,0,0.0605925,-0.101772
0,0,0.0612183,-0.10191
0,0,0.0618427,-0.102057
0,0,0.0624655,-0.102213
0,0,0.0630867,-0.102378
0,0,0.0637061,-0.102552
0,0,0.0643237,-0.102736
0,0,0.0649394,-0.10293
0,0,0.065553,-0.103133
0,0,0.0661646,-0.103345
0,0,0.066774,-0.103568
0,0,0.0673811,-0.1038
0,0,0.0679858,-0.104042
0,0,0.0685881,-0.104294
0,0,0.0691879,-0.104556
0,0,0.069785,-0.104828
0,0,0.0703794,-0.10511
0,0,0.070971,-0.105403
0,0,0.0715596,-0.105706
0,0,0.0721453,-0.10602
0,0,0.0727279,-0.106344
0,0,0.0733074,-0.106679
0,0,0.0738836,-0.107025
0,0,0.0744564,-0.107383
0,0,0.0750258,-0.107751
0,0,0.0755917,-0.108131
0,0,0.0761539,-0.108522
0,0,0.0767125,-0.108925
0,0,0.0772672,-0.109339
0,0,0.0778181,-0.109766
0,0,0.078365,-0.110205
0,0,0.0789079,-0.110655
0,0,0.0794466,-0.111119
0,0,0.079981,-0.111594
0,0,0.0805112,-0.112083
0,0,0.0810369,-0.112584
0,0,0.0815581,-0.113099
0,0,0.0820747,-0.113627
0,0,0.0825866,-0.114169
0,0,0.0830937,-0.114724
0,0,0.083596,-0.115293
0,0,0.0840934,-0.115876
0,0,0.0845856,-0.116474
0,0,0.0850728,-0.117086
0,0,0.0855547,-0.117713
0,0,0.0860313,-0.118354
0,0,0.0865026,-0.119012
0,0,0.0869683,-0.119684
0,0,0.0874284,-0.120373
0,0,0.0878829,-0.121077
0,0,0.0883317,-0.121798
0,0,0.0887745,-0.122535
0,0,0.0892115,-0.123289
0,0,0.0896424,-0.124061
0,0,0.0900672,-0.124849
0,0,0.0904858,-0.125655
0,0,0.0908981,-0.12648
0,0,0.0913041,-0.127322
0,0,0.0917035,-0.128183
0,0,0.0920964,-0.129063
0,0,0.0924827,-0.129962
0,0,0.0928622,-0.130881
0,0,0.0932349,-0.13182
0,0,0.0936007,-0.132779
0,0,0.0939594,-0.133758
0,0,0.0943111,-0.134759
0,0,0.0946556,-0.135781
0,0,0.0949928,-0.136824
0,0,0.0953226,-0.13789
0,0,0.095645,-0.138978
0,0,0.0959598,-0.140089
0,0,0.0962671,-0.141224
0,0,0.0965666,-0.142382
0,0,0.0968583,-0.143564
0,0,0.097142,-0.144771
-8.7107e-11,-0.0700502,0.0974178,-0.0700502
-8.88567e-11,-0.0712949,0.0976856,-0.0712949
-9.06064e-11,-0.0725396,0.0979451,-0.0725396
-9.23561e-11,-0.0737843,0.0981964,-0.0737843
-9.41058e-11,-0.075029,0.0984394,-0.075029
-9.58555e-11,-0.0762737,0.0986739,-0.0762737
-9.76052e-11,-0.0775184,0.0988999,-0.0775184
-9.93549e-11,-0.0787631,0.0991173,-0.0787631
-1.01105e-10,-0.0800078,0.099326,-0.0800078
-1.02854e-10,-0.0812525,0.0995258,-0.0812525
-1.04604e-10,-0.0824972,0.0997169,-0.0824972
-1.06354e-10,-0.083742,0.0998989,-0.083742
-1.08103e-10,-0.0849867,0.100072,-0.0849867
-1.09853e-10,-0.0862314,0.100236,-0.0862314
-1.11603e-10,-0.0874761,0.10039,-0.0874761
-1.13353e-10,-0.0887208,0.100536,-0.0887208
-1.15102e-10,-0.0899655,0.100671,-0.0899655
-1.16852e-10,-0.0912102,0.100798,-0.0912102
-1.18602e-10,-0.0924549,0.100915,-0.0924549
-1.20351e-10,-0.0936996,0.101022,-0.0936996
-1.22101e-10,-0.0949443,0.101119,-0.0949443
-1.23851e-10,-0.096189,0.101206,-0.096189
-1.256e-10,-0.0974337,0.101284,-0.0974337
-1.2735e-10,-0.0986785,0.101351,-0.0986785
-1.291e-10,-0.0999232,0.101409,-0.0999232
-1.3085e-10,-0.101168,0.101456,-0.101168
-1.32599e-10,-0.102413,0.101492,-0.102413
-1.34349e-10,-0.103657,0.101519,-0.103657
-1.36099e-10,-0.104902,0.101535,-0.104902
-1.37848e-10,-0.106147,0.10154,-0.106147
0,0.104125,0,0.104125
0,0.102104,0,0.102104
0,0.100083,0,0.100083
0,0.0980616,0,0.0980616
0,0.0960403,0,0.0960403
0,0.094019,0,0.094019
0,0.0919977,0,0.0919977
0,0.0899764,0,0.0899764
0,0.0879552,0,0.0879552
0,0.0859339,0,0.0859339
0,0.0839126,0,0.0839126
0,0.0818913,0,0.0818913
0,0.07987,0,0.07987
0,0.0778487,0,0.0778487
0,0.0758274,0,0.0758274
0,0.0738062,0,0.0738062
0,0.0717849,0,0.0717849
0,0.0697636,0,0.0697636
0,0.0677423,0,0.0677423
0,0.065721,0,0.065721
0,0.0636997,0,0.0636997
0,0.0616785,0,0.0616785
0,0.0596572,0,0.0596572
0,0.0576359,0,0.0576359
0,0.0556146,0,0.0556146
0,0.0535933,0,0.0535933
0,0.051572,0,0.051572
0,0.0495508,0,0.0495508
0,0.0475295,0,0.0475295
0,0.0455082,0,0.0455082
0,0,0,0.0455082
0,0,0,0.0435312
0,0,0,0.0416402
0,0,0,0.0398315
0,0,0,0.0381015
0,0,0,0.0364467
0,0,0,0.034864
0,0,0,0.0333502
0,0,0,0.0319022
0,0,0,0.0305173
0,0,0,0.0291926
0,0,0,0.0279257
0,0,0,0.0267139
0,0,0,0.0255549
0,0,0,0.0244464
0,0,0,0.0233862
0,0,0,0.0223721
0,0,0,0.0214023
0,0,0,0.0204748
0,0,0,0.0195877
0,0,0,0.0187394
0,0,0,0.017928
0,0,0,0.0171521
0,0,0,0.0164101
0,0,0,0.0157005
0,0,0,0.0150219
0,0,0,0.0143729
0,0,0,0.0137524
0,0,0,0.0131591
0,0,0,0.0125917
0,0,0,0.0120493
0,0,0,0.0115306
0,0,0,0.0110347
0,0,0,0.0105606
0,0,0,0.0101074
0,0,0,0.00967418
0,0,0,0.00926005
0,0,0,0.00886421
0,0,0,0.00848589
0,0,0,0.00812433
0,0,0,0.00777883
0,0,0,0.00744869
0,0,0,0.00713327
0,0,0,0.00683195
0,0,0,0.00654412
0,0,0,0.00626922
0,0,0,0.00600671
0,0,0,0.00575606
0,0,0,0.00551679
0,0,0,0.00528842
0,0,0,0.00507049
0,0,0,0.00486259
0,0,0,0.00466429
0,0,0,0.00447521
0,0,0,0.00429496
0,0,0,0.00412321
0,0,0,0.0039596
0,0,0,0.00380381
0,0,0,0.00365554
0,0,0,0.00351449
0,0,0,0.00338039
0,0,0,0.00325296
0,0,0,0.00313196
0,0,0,0.00301715
0,0,0,0.0029083
0,0,0,0.0028052
0,0,0,0.00270764
0,0,0,0.00261542
0,0,0,0.00252838
0,0,0,0.00244633
0,0,0,0.00236911
0,0,0,0.00229658
0,0,0,0.00222858
0,0,0,0.00216499
0,0,0,0.00210567
0,0,0,0.00205051
0,0,0,0.00199941
0,0,0,0.00195225
0,0,0,0.00190895
0,0,0,0.00186943
0,0,0,0.00183359
0,0,0,0.00180138
0,0,0,0.00177273
0,0,0,0.00174758
0,0,0,0.00172589
0,0,0,0.0017076
0,0,0,0.00169269
0,0,0,0.00168112
0,0,0,0.00167287
0,0,0,0.00166793
0,0,0,0.00166629
0,0,0,0.00166793
0,0,0,0.00167287
0,0,0,0.00168112
0,0,0,0.00169269
0,0,0,0.0017076
0,0,0,0.00172589
0,0,0,0.00174758
0,0,0,0.00177273
0,0,0,0.00180138
0,0,0,0.00183359
0,0,0,0.00186943
0,0,0,0.00190895
0,0,0,0.00195225
0,0,0,0.00199941
0,0,0,0.00205051
0,0,0,0.00210567
0,0,0,0.00216499
0,0,0,0.00222858
0,0,0,0.00229658
0,0,0,0.00236911
0,0,0,0.00244633
0,0,0,0.00252838
0,0,0,0.00261542
0,0,0,0.00270764
0,0,0,0.0028052
0,0,0,0.0029083
0,0,0,0.00301715
0,0,0,0.00313196
0,0,0,0.00325296
0,0,0,0.00338039
0,0,0,0.00351449
0,0,0,0.00365554
0,0,0,0.00380381
0,0,0,0.0039596
0,0,0,0.00412321
0,0,0,0.00429496
0,0,0,0.00447521
0,0,0,0.00466429
0,0,0,0.00486259
0,0,0,0.00507049
0,0,0,0.00528842
0,0,0,0.00551679
0,0,0,0.00575606
0,0,0,0.00600671
0,0,0,0.00626922
0,0,0,0.00654412
0,0,0,0.00683195
0,0,0,0.00713327
0,0,0,0.00744869
0,0,0,0.00777883
0,0,0,0.00812433
0,0,0,0.00848589
0,0,0,0.00886421
0,0,0,0.00926005
0,0,0,0.00967418
0,0,0,0.0101074
0,0,0,0.0105606
0,0,0,0.0110347
0,0,0,0.0115306
0,0,0,0.0120493
0,0,0,0.0125917
0,0,0,0.0131591
0,0,0,0.0137524
0,0,0,0.0143729
0,0,0,0.0150219
0,0,0,0.0157005
0,0,0,0.0164101
0,0,0,0.0171521
0,0,0,0.017928
0,0,0,0.0187394
0,0,0,0.0195877
0,0,0,0.0204748
0,0,0,0.0214023
0,0,0,0.0223721
0,0,0,0.0233862
0,0,0,0.0244464
0,0,0,0.0255549
0,0,0,0.0267139
0,0,0,0.0279257
0,0,0,0.0291926
0,0,0,0.0305173
0,0,0,0.0319022
0,0,0,0.0333502
0,0,0,0.034864
0,0,0,0.0364467
0,0,0,0.0381015
0,0,0,0.0398315
0,0,0,0.0416402
0,0,0,0.0435312
0,0.0691768,0,0.0691768
0,0.0711981,0,0.0711981
0,0.0732193,0,0.0732193
0,0.0752406,0,0.0752406
0,0.0772619,0,0.0772619
0,0.0792832,0,0.0792832
0,0.0813045,0,0.0813045
0,0.0833258,0,0.0833258
0,0.085347,0,0.085347
0,0.0873683,0,0.0873683
0,0.0893896,0,0.0893896
0,0.0914109,0,0.0914109
0,0.0934322,0,0.0934322
0,0.0954535,0,0.0954535
0,0.0974747,0,0.0974747
0,0.099496,0,0.099496
0,0.101517,0,0.101517
0,0.103539,0,0.103539
0,0.10556,0,0.10556
0,0.107581,0,0.107581
0,0.109602,0,0.109602
0,0.111624,0,0.111624
0,0.113645,0,0.113645
0,0.115666,0,0.115666
0,0.117688,0,0.117688
0,0.119709,0,0.119709
0,0.12173,0,0.12173
0,0.123751,0,0.123751
0,0.125773,0,0.125773
0,0.127794,0,0.127794
0,-0.126295,0,-0.127794
0,-0.124797,0,-0.126295
0,-0.123298,0,-0.124797
0,-0.1218,0,-0.123298
0,-0.120301,0,-0.1218
0,-0.118803,0,-0.120301
0,-0.117304,0,-0.118803
0,-0.115806,0,-0.117304
0,-0.114307,0,-0.115806
0,-0.112808,0,-0.114307
0,-0.11131,0,-0.112808
0,-0.109811,0,-0.11131
0,-0.108313,0,-0.109811
0,-0.106814,0,-0.108313
0,-0.105316,0,-0.106814
0,-0.103817,0,-0.105316
0,-0.102319,0,-0.103817
0,-0.10082,0,-0.102319
0,-0.0993215,0,-0.10082
0,-0.097823,0,-0.0993215
0,-0.0963244,0,-0.097823
0,-0.0948259,0,-0.0963244
0,-0.0933273,0,-0.0948259
0,-0.0918288,0,-0.0933273
0,-0.0903302,0,-0.0918288
0,-0.0888317,0,-0.0903302
0,-0.0873331,0,-0.0888317
0,-0.0858346,0,-0.0873331
0,-0.084336,0,-0.0858346
0,-0.0828375,0,-0.084336
0,0,0,-0.0828375
0,0,0,-0.0813542
0,0,0,-0.0799011
0,0,0,-0.0784776
0,0,0,-0.0770832
0,0,0,-0.0757174
0,0,0,-0.0743797
0,0,0,-0.0730695
0,0,0,-0.0717865
0,0,0,-0.0705301
0,0,0,-0.0692998
0,0,0,-0.0680952
0,0,0,-0.0669159
0,0,0,-0.0657614
0,0,0,-0.0646313
0,0,0,-0.0635252
0,0,0,-0.0624426
0,0,0,-0.0613832
0,0,0,-0.0603465
0,0,0,-0.0593322
0,0,0,-0.0583399
0,0,0,-0.0573693
0,0,0,-0.0564199
0,0,0,-0.0554914
0,0,0,-0.0545836
0,0,0,-0.0536959
0,0,0,-0.0528282
0,0,0,-0.0519801
0,0,0,-0.0511512
0,0,0,-0.0503413
0,0,0,-0.0495501
0,0,0,-0.0487773
0,0,0,-0.0480225
0,0,0,-0.0472856
0,0,0,-0.0465662
0,0,0,-0.045864
0,0,0,-0.0451789
0,0,0,-0.0445105
0,0,0,-0.0438586
0,0,0,-0.043223
0,0,0,-0.0426034
0,0,0,-0.0419996
0,0,0,-0.0414114
0,0,0,-0.0408386
0,0,0,-0.0402809
0,0,0,-0.0397381
0,0,0,-0.0392101
0,0,0,-0.0386966
0,0,0,-0.0381974
0,0,0,-0.0377124
0,0,0,-0.0372415
0,0,0,-0.0367843
0,0,0,-0.0363407
0,0,0,-0.0359107
0,0,0,-0.0354939
0,0,0,-0.0350903
0,0,0,-0.0346998
0,0,0,-0.0343221
0,0,0,-0.0339571
0,0,0,-0.0336047
0,0,0,-0.0332648
0,0,0,-0.0329372
0,0,0,-0.0326218
0,0,0,-0.0323185
0,0,0,-0.0320272
0,0,0,-0.0317478
0,0,0,-0.0314802
0,0,0,-0.0312242
0,0,0,-0.0309798
0,0,0,-0.0307469
0,0,0,-0.0305254
0,0,0,-0.0303153
0,0,0,-0.0301163
0,0,0,-0.0299286
0,0,0,-0.0297519
0,0,0,-0.0295862
0,0,0,-0.0294316
0,0,0,-0.0292878
0,0,0,-0.0291549
0,0,0,-0.0290329
0,0,0,-0.0289216
0,0,0,-0.028821
0,0,0,-0.0287311
0,0,0,-0.0286518
0,0,0,-0.0285832
0,0,0,-0.0285252
0,0,0,-0.0284778
0,0,0,-0.0284409
0,0,0,-0.0284145
0,0,0,-0.0283987
0,0,0,-0.0283935
0,0,0,-0.0283987
0,0,0,-0.0284145
0,0,0,-0.0284409
0,0,0,-0.0284778
0,0,0,-0.0285252
0,0,0,-0.0285832
0,0,0,-0.0286518
0,0,0,-0.0287311
0,0,0,-0.028821
0,0,0,-0.0289216
0,0,0,-0.0290329
0,0,0,-0.0291549
0,0,0,-0.0292878
0,0,0,-0.0294316
0,0,0,-0.0295862
0,0,0,-0.0297519
0,0,0,-0.0299286
0,0,0,-0.0301163
0,0,0,-0.0303153
0,0,0,-0.0305254
0,0,0,-0.0307469
0,0,0,-0.0309798
0,0,0,-0.0312242
0,0,0,-0.0314802
0,0,0,-0.0317478
0,0,0,-0.0320272
0,0,0,-0.0323185
0,0,0,-0.0326218
0,0,0,-0.0329372
0,0,0,-0.0332648
0,0,0,-0.0336047
0,0,0,-0.0339571
0,0,0,-0.0343221
0,0,0,-0.0346998
0,0,0,-0.0350903
0,0,0,-0.0354939
0,0,0,-0.0359107
0,0,0,-0.0363407
0,0,0,-0.0367843
0,0,0,-0.0372415
0,0,0,-0.0377124
0,0,0,-0.0381974
0,0,0,-0.0386966
0,0,0,-0.0392101
0,0,0,-0.0397381
0,0,0,-0.0402809
0,0,0,-0.0408386
0,0,0,-0.0414114
0,0,0,-0.0419996
0,0,0,-0.0426034
0,0,0,-0.043223
0,0,0,-0.0438586
0,0,0,-0.0445105
0,0,0,-0.0451789
0,0,0,-0.045864
0,0,0,-0.0465662
0,0,0,-0.0472856
0,0,0,-0.0480225
0,0,0,-0.0487773
0,0,0,-0.0495501
0,0,0,-0.0503413
0,0,0,-0.0511512
0,0,0,-0.0519801
0,0,0,-0.0528282
0,0,0,-0.0536959
0,0,0,-0.0545836
0,0,0,-0.0554914
0,0,0,-0.0564199
0,0,0,-0.0573693
0,0,0,-0.0583399
0,0,0,-0.0593322
0,0,0,-0.0603465
0,0,0,-0.0613832
0,0,0,-0.0624426
0,0,0,-0.0635252
0,0,0,-0.0646313
0,0,0,-0.0657614
0,0,0,-0.0669159
0,0,0,-0.0680952
0,0,0,-0.0692998
0,0,0,-0.0705301
0,0,0,-0.0717865
0,0,0,-0.0730695
0,0,0,-0.0743797
0,0,0,-0.0757174
0,0,0,-0.0770832
0,0,0,-0.0784776
0,0,0,-0.0799011
0,0,0,-0.0813542
0,-0.084336,0,-0.084336
0,-0.0858346,0,-0.0858346
0,-0.0873331,0,-0.0873331
0,-0.0888317,0,-0.0888317
0,-0.0903302,0,-0.0903302
0,-0.0918288,0,-0.0918288
0,-0.0933273,0,-0.0933273
0,-0.0948259,0,-0.0948259
0,-0.0963244,0,-0.0963244
0,-0.097823,0,-0.097823
0,-0.0993215,0,-0.0993215
0,-0.10082,0,-0.10082
0,-0.102319,0,-0.102319
0,-0.103817,0,-0.103817
0,-0.105316,0,-0.105316
0,-0.106814,0,-0.106814
0,-0.108313,0,-0.108313
0,-0.109811,0,-0.109811
0,-0.11131,0,-0.11131
0,-0.112808,0,-0.112808
0,-0.114307,0,-0.114307
0,-0.115806,0,-0.115806
0,-0.117304,0,-0.117304
0,-0.118803,0,-0.118803
0,-0.120301,0,-0.120301
0,-0.1218,0,-0.1218
0,-0.123298,0,-0.123298
0,-0.124797,0,-0.124797
0,-0.126295,0,-0.126295
0,-0.127794,0,-0.127794
0,0.125361,0,0.127794
0,0.122927,0,0.125361
0,0.120494,0,0.122927
0,0.11806,0,0.120494
0,0.115627,0,0.11806
0,0.113193,0,0.115627
0,0.11076,0,0.113193
0,0.108326,0,0.11076
0,0.105893,0,0.108326
0,0.103459,0,0.105893
0,0.101026,0,0.103459
0,0.098592,0,0.101026
0,0.0961585,0,0.098592
0,0.093725,0,0.0961585
0,0.0912915,0,0.093725
0,0.088858,0,0.0912915
0,0.0864245,0,0.088858
0,0.083991,0,0.0864245
0,0.0815575,0,0.083991
0,0.079124,0,0.0815575
0,0.0766905,0,0.079124
0,0.074257,0,0.0766905
0,0.0718235,0,0.074257
0,0.06939,0,0.0718235
0,0.0669565,0,0.06939
0,0.064523,0,0.0669565
0,0.0620895,0,0.064523
0,0.059656,0,0.0620895
0,0.0572225,0,0.059656
0,0.054789,0,0.0572225
0,0,0,0.054789
0,0,0,0.0524088
0,0,0,0.0501322
0,0,0,0.0479546
0,0,0,0.0458718
0,0,0,0.0438796
0,0,0,0.0419741
0,0,0,0.0401515
0,0,0,0.0384082
0,0,0,0.0367409
0,0,0,0.0351461
0,0,0,0.0336208
0,0,0,0.0321619
0,0,0,0.0307665
0,0,0,0.0294319
0,0,0,0.0281555
0,0,0,0.0269347
0,0,0,0.0257671
0,0,0,0.0246504
0,0,0,0.0235824
0,0,0,0.022561
0,0,0,0.0215842
0,0,0,0.0206501
0,0,0,0.0197567
0,0,0,0.0189024
0,0,0,0.0180854
0,0,0,0.0173041
0,0,0,0.0165571
0,0,0,0.0158427
0,0,0,0.0151597
0,0,0,0.0145066
0,0,0,0.0138821
0,0,0,0.0132851
0,0,0,0.0127144
0,0,0,0.0121687
0,0,0,0.0116471
0,0,0,0.0111485
0,0,0,0.010672
0,0,0,0.0102165
0,0,0,0.00978119
0,0,0,0.00936522
0,0,0,0.00896776
0,0,0,0.00858801
0,0,0,0.00822524
0,0,0,0.00787871
0,0,0,0.00754775
0,0,0,0.0072317
0,0,0,0.00692994
0,0,0,0.00664187
0,0,0,0.00636692
0,0,0,0.00610456
0,0,0,0.00585425
0,0,0,0.00561551
0,0,0,0.00538787
0,0,0,0.00517087
0,0,0,0.00496408
0,0,0,0.00476711
0,0,0,0.00457955
0,0,0,0.00440104
0,0,0,0.00423123
0,0,0,0.00406978
0,0,0,0.00391636
0,0,0,0.00377069
0,0,0,0.00363246
0,0,0,0.00350141
0,0,0,0.00337728
0,0,0,0.00325982
0,0,0,0.00314881
0,0,0,0.00304401
0,0,0,0.00294523
0,0,0,0.00285227
0,0,0,0.00276494
0,0,0,0.00268307
0,0,0,0.00260651
0,0,0,0.0025351
0,0,0,0.00246869
0,0,0,0.00240716
0,0,0,0.00235039
0,0,0,0.00229826
0,0,0,0.00225067
0,0,0,0.00220753
0,0,0,0.00216875
0,0,0,0.00213426
0,0,0,0.00210398
0,0,0,0.00207786
0,0,0,0.00205585
0,0,0,0.00203789
0,0,0,0.00202396
0,0,0,0.00201404
0,0,0,0.00200809
0,0,0,0.00200611
0,0,0,0.00200809
0,0,0,0.00201404
0,0,0,0.00202396
0,0,0,0.00203789
0,0,0,0.00205585
0,0,0,0.00207786
0,0,0,0.00210398
0,0,0,0.00213426
0,0,0,0.00216875
0,0,0,0.00220753
0,0,0,0.00225067
0,0,0,0.00229826
0,0,0,0.00235039
0,0,0,0.00240716
0,0,0,0.00246869
0,0,0,0.0025351
0,0,0,0.00260651
0,0,0,0.00268307
0,0,0,0.00276494
0,0,0,0.00285227
0,0,0,0.00294523
0,0,0,0.00304401
0,0,0,0.00314881
0,0,0,0.00325982
0,0,0,0.00337728
0,0,0,0.00350141
0,0,0,0.00363246
0,0,0,0.00377069
0,0,0,0.00391636
0,0,0,0.00406978
0,0,0,0.00423123
0,0,0,0.00440104
0,0,0,0.00457955
0,0,0,0.00476711
0,0,0,0.00496408
0,0,0,0.00517087
0,0,0,0.00538787
0,0,0,0.00561551
0,0,0,0.00585425
0,0,0,0.00610456
0,0,0,0.00636692
0,0,0,0.00664187
0,0,0,0.00692994
0,0,0,0.0072317
0,0,0,0.00754775
0,0,0,0.00787871
0,0,0,0.00822524
0,0,0,0.00858801
0,0,0,0.00896776
0,0,0,0.00936522
0,0,0,0.00978119
0,0,0,0.0102165
0,0,0,0.010672
0,0,0,0.0111485
0,0,0,0.0116471
0,0,0,0.0121687
0,0,0,0.0127144
0,0,0,0.0132851
0,0,0,0.0138821
0,0,0,0.0145066
0,0,0,0.0151597
0,0,0,0.0158427
0,0,0,0.0165571
0,0,0,0.0173041
0,0,0,0.0180854
0,0,0,0.0189024
0,0,0,0.0197567
0,0,0,0.0206501
0,0,0,0.0215842
0,0,0,0.022561
0,0,0,0.0235824
0,0,0,0.0246504
0,0,0,0.0257671
0,0,0,0.0269347
0,0,0,0.0281555
0,0,0,0.0294319
0,0,0,0.0307665
0,0,0,0.0321619
0,0,0,0.0336208
0,0,0,0.0351461
0,0,0,0.0367409
0,0,0,0.0384082
0,0,0,0.0401515
0,0,0,0.0419741
0,0,0,0.0438796
0,0,0,0.0458718
0,0,0,0.0479546
0,0,0,0.0501322
0,0,0,0.0524088
0,0.0572225,0,0.0572225
0,0.059656,0,0.059656
0,0.0620895,0,0.0620895
0,0.064523,0,0.064523
0,0.0669565,0,0.0669565
0,0.06939,0,0.06939
0,0.0718235,0,0.0718235
0,0.074257,0,0.074257
0,0.0766905,0,0.0766905
0,0.079124,0,0.079124
0,0.0815575,0,0.0815575
0,0.083991,0,0.083991
0,0.0864245,0,0.0864245
0,0.088858,0,0.088858
0,0.0912915,0,0.0912915
0,0.093725,0,0.093725
0,0.0961585,0,0.0961585
0,0.098592,0,0.098592
0,0.101026,0,0.101026
0,0.103459,0,0.103459
0,0.105893,0,0.105893
0,0.108326,0,0.108326
0,0.11076,0,0.11076
0,0.113193,0,0.113193
0,0.115627,0,0.115627
0,0.11806,0,0.11806
0,0.120494,0,0.120494
0,0.122927,0,0.122927
0,0.125361,0,0.125361
0,0.127794,0,0.127794
0,-0.126295,0,-0.127794
0,-0.124797,0,-0.126295
0,-0.123298,0,-0.124797
0,-0.1218,0,-0.123298
0,-0.120301,0,-0.1218
0,-0.118803,0,-0.120301
0,-0.117304,0,-0.118803
0,-0.115806,0,-0.117304
0,-0.114307,0,-0.115806
0,-0.112808,0,-0.114307
0,-0.11131,0,-0.112808
0,-0.109811,0,-0.11131
0,-0.108313,0,-0.109811
0,-0.106814,0,-0.108313
0,-0.105316,0,-0.106814
0,-0.103817,0,-0.105316
0,-0.102319,0,-0.103817
0,-0.10082,0,-0.102319
0,-0.0993215,0,-0.10082
0,-0.097823,0,-0.0993215
0,-0.0963244,0,-0.097823
0,-0.0948259,0,-0.0963244
0,-0.0933273,0,-0.0948259
0,-0.0918288,0,-0.0933273
0,-0.0903302,0,-0.0918288
0,-0.0888317,0,-0.0903302
0,-0.0873331,0,-0.0888317
0,-0.0858346,0,-0.0873331
0,-0.084336,0,-0.0858346
0,-0.0828375,0,-0.084336
0,0,0,-0.0828375
0,0,0,-0.0813542
0,0,0,-0.0799011
0,0,0,-0.0784776
0,0,0,-0.0770832
0,0,0,-0.0757174
0,0,0,-0.0743797
0,0,0,-0.0730695
0,0,0,-0.0717865
0,0,0,-0.0705301
0,0,0,-0.0692998
0,0,0,-0.0680952
0,0,0,-0.0669159
0,0,0,-0.0657614
0,0,0,-0.0646313
0,0,0,-0.0635252
0,0,0,-0.0624426
0,0,0,-0.0613832
0,0,0,-0.0603465
0,0,0,-0.0593322
0,0,0,-0.0583399
0,0,0,-0.0573693
0,0,0,-0.0564199
0,0,0,-0.0554914
0,0,0,-0.0545836
0,0,0,-0.0536959
0,0,0,-0.0528282
0,0,0,-0.0519801
0,0,0,-0.0511512
0,0,0,-0.0503413
0,0,0,-0.0495501
0,0,0,-0.0487773
0,0,0,-0.0480225
0,0,0,-0.0472856
0,0,0,-0.0465662
0,0,0,-0.045864
0,0,0,-0.0451789
0,0,0,-0.0445105
0,0,0,-0.0438586
0,0,0,-0.043223
0,0,0,-0.0426034
0,0,0,-0.0419996
0,0,0,-0.0414114
0,0,0,-0.0408386
0,0,0,-0.0402809
0,0,0,-0.0397381
0,0,0,-0.0392101
0,0,0,-0.0386966
0,0,0,-0.0381974
0,0,0,-0.0377124
0,0,0,-0.0372415
0,0,0,-0.0367843
0,0,0,-0.0363407
0,0,0,-0.0359107
0,0,0,-0.0354939
0,0,0,-0.0350903
0,0,0,-0.0346998
0,0,0,-0.0343221
0,0,0,-0.0339571
0,0,0,-0.0336047
0,0,0,-0.0332648
0,0,0,-0.0329372
0,0,0,-0.0326218
0,0,0,-0.0323185
0,0,0,-0.0320272
0,0,0,-0.0317478
0,0,0,-0.0314802
0,0,0,-0.0312242
0,0,0,-0.0309798
0,0,0,-0.0307469
0,0,0,-0.0305254
0,0,0,-0.0303153
0,0,0,-0.0301163
0,0,0,-0.0299286
0,0,0,-0.0297519
0,0,0,-0.0295862
0,0,0,-0.0294316
0,0,0,-0.0292878
0,0,0,-0.0291549
0,0,0,-0.0290329
0,0,0,-0.0289216
0,0,0,-0.028821
0,0,0,-0.0287311
0,0,0,-0.0286518
0,0,0,-0.0285832
0,0,0,-0.0285252
0,0,0,-0.0284778
0,0,0,-0.0284409
0,0,0,-0.0284145
0,0,0,-0.0283987
0,0,0,-0.0283935
0,0,0,-0.0283987
0,0,0,-0.0284145
0,0,0,-0.0284409
0,0,0,-0.0284778
0,0,0,-0.0285252
0,0,0,-0.0285832
0,0,0,-0.0286518
0,0,0,-0.0287311
0,0,0,-0.028821
0,0,0,-0.0289216
0,0,0,-0.0290329
0,0,0,-0.0291549
0,0,0,-0.0292878
0,0,0,-0.0294316
0,0,0,-0.0295862
0,0,0,-0.0297519
0,0,0,-0.0299286
0,0,0,-0.0301163
0,0,0,-0.0303153
0,0,0,-0.0305254
0,0,0,-0.0307469
0,0,0,-0.0309798
0,0,0,-0.0312242
0,0,0,-0.0314802
0,0,0,-0.0317478
0,0,0,-0.0320272
0,0,0,-0.0323185
0,0,0,-0.0326218
0,0,0,-0.0329372
0,0,0,-0.0332648
0,0,0,-0.0336047
0,0,0,-0.0339571
0,0,0,-0.0343221
0,0,0,-0.0346998
0,0,0,-0.0350903
0,0,0,-0.0354939
0,0,0,-0.0359107
0,0,0,-0.0363407
0,0,0,-0.0367843
0,0,0,-0.0372415
0,0,0,-0.0377124
0,0,0,-0.0381974
0,0,0,-0.0386966
0,0,0,-0.0392101
0,0,0,-0.0397381
0,0,0,-0.0402809
0,0,0,-0.0408386
0,0,0,-0.0414114
0,0,0,-0.0419996
0,0,0,-0.0426034
0,0,0,-0.043223
0,0,0,-0.0438586
0,0,0,-0.0445105
0,0,0,-0.0451789
0,0,0,-0.045864
0,0,0,-0.0465662
0,0,0,-0.0472856
0,0,0,-0.0480225
0,0,0,-0.0487773
0,0,0,-0.0495501
0,0,0,-0.0503413
0,0,0,-0.0511512
0,0,0,-0.0519801
0,0,0,-0.0528282
0,0,0,-0.0536959
0,0,0,-0.0545836
0,0,0,-0.0554914
0,0,0,-0.0564199
0,0,0,-0.0573693
0,0,0,-0.0583399
0,0,0,-0.0593322
0,0,0,-0.0603465
0,0,0,-0.0613832
0,0,0,-0.0624426
0,0,0,-0.0635252
0,0,0,-0.0646313
0,0,0,-0.0657614
0,0,0,-0.0669159
0,0,0,-0.0680952
0,0,0,-0.0692998
0,0,0,-0.0705301
0,0,0,-0.0717865
0,0,0,-0.0730695
0,0,0,-0.0743797
0,0,0,-0.0757174
0,0,0,-0.0770832
0,0,0,-0.0784776
0,0,0,-0.0799011
0,0,0,-0.0813542
0,-0.084336,0,-0.084336
0,-0.0858346,0,-0.0858346
0,-0.0873331,0,-0.0873331
0,-0.0888317,0,-0.0888317
0,-0.0903302,0,-0.0903302
0,-0.0918288,0,-0.0918288
0,-0.0933273,0,-0.0933273
0,-0.0948259,0,-0.0948259
0,-0.0963244,0,-0.0963244
0,-0.097823,0,-0.097823
0,-0.0993215,0,-0.0993215
0,-0.10082,0,-0.10082
0,-0.102319,0,-0.102319
0,-0.103817,0,-0.103817
0,-0.105316,0,-0.105316
0,-0.106814,0,-0.106814
0,-0.108313,0,-0.108313
0,-0.109811,0,-0.109811
0,-0.11131,0,-0.11131
0,-0.112808,0,-0.112808
0,-0.114307,0,-0.114307
0,-0.115806,0,-0.115806
0,-0.117304,0,-0.117304
0,-0.118803,0,-0.118803
0,-0.120301,0,-0.120301
0,-0.1218,0,-0.1218
0,-0.123298,0,-0.123298
0,-0.124797,0,-0.124797
0,-0.126295,0,-0.126295
0,-0.127794,0,-0.127794
0,0.125361,0,0.127794
0,0.122927,0,0.125361
0,0.120494,0,0.122927
0,0.11806,0,0.120494
0,0.115627,0,0.11806
0,0.113193,0,0.115627
0,0.11076,0,0.113193
0,0.108326,0,0.11076
0,0.105893,0,0.108326
0,0.103459,0,0.105893
0,0.101026,0,0.103459
0,0.098592,0,0.101026
0,0.0961585,0,0.098592
0,0.093725,0,0.0961585
0,0.0912915,0,0.093725
0,0.088858,0,0.0912915
0,0.0864245,0,0.088858
0,0.083991,0,0.0864245
0,0.0815575,0,0.083991
0,0.079124,0,0.0815575
0,0.0766905,0,0.079124
0,0.074257,0,0.0766905
0,0.0718235,0,0.074257
0,0.06939,0,0.0718235
0,0.0669565,0,0.06939
0,0.064523,0,0.0669565
0,0.0620895,0,0.064523
0,0.059656,0,0.0620895
0,0.0572225,0,0.059656
0,0.054789,0,0.0572225
0,0,0,0.054789
0,0,0.00144672,0.0524088
0,0,0.00289227,0.0501322
0,0,0.0043355,0.0479546
0,0,0.00577528,0.0458718
0,0,0.00721054,0.0438796
0,0,0.00864022,0.0419741
0,0,0.0100633,0.0401515
0,0,0.0114787,0.0384082
0,0,0.0128856,0.0367409
0,0,0.0142829,0.0351461
0,0,0.0156698,0.0336208
0,0,0.0170453,0.0321619
0,0,0.0184087,0.0307665
0,0,0.019759,0.0294319
0,0,0.0210955,0.0281555
0,0,0.0224174,0.0269347
0,0,0.0237239,0.0257671
0,0,0.0250143,0.0246504
0,0,0.0262879,0.0235824
0,0,0.027544,0.022561
0,0,0.028782,0.0215842
0,0,0.0300013,0.0206501
0,0,0.0312012,0.0197567
0,0,0.0323811,0.0189024
0,0,0.0335406,0.0180854
0,0,0.0346791,0.0173041
0,0,0.0357961,0.0165571
0,0,0.036891,0.0158427
0,0,0.0379635,0.0151597
0,0,0.0390131,0.0145066
0,0,0.0400394,0.0138821
0,0,0.041042,0.0132851
0,0,0.0420206,0.0127144
0,0,0.0429747,0.0121687
0,0,0.0439041,0.0116471
0,0,0.0448084,0.0111485
0,0,0.0456874,0.010672
0,0,0.0465408,0.0102165
0,0,0.0473684,0.00978119
0,0,0.0481699,0.00936522
0,0,0.0489451,0.00896776
0,0,0.0496939,0.00858801
0,0,0.050416,0.00822524
0,0,0.0511115,0.00787871
0,0,0.05178,0.00754775
0,0,0.0524215,0.0072317
0,0,0.0530359,0.00692994
0,0,0.0536232,0.00664187
0,0,0.0541833,0.00636692
0,0,0.0547161,0.00610456
0,0,0.0552217,0.00585425
0,0,0.0556999,0.00561551
0,0,0.0561509,0.00538787
0,0,0.0565747,0.00517087
0,0,0.0569713,0.00496408
0,0,0.0573407,0.00476711
0,0,0.0576831,0.00457955
0,0,0.0579985,0.00440104
0,0,0.0582871,0.00423123
0,0,0.0585489,0.00406978
0,0,0.0587842,0.00391636
0,0,0.058993,0.00377069
0,0,0.0591754,0.00363246
0,0,0.0593318,0.00350141
0,0,0.0594623,0.00337728
0,0,0.059567,0.00325982
0,0,0.0596462,0.00314881
0,0,0.0597002,0.00304401
0,0,0.0597291,0.00294523
0,0,0.0597332,0.00285227
0,0,0.0597128,0.00276494
0,0,0.0596681,0.00268307
0,0,0.0595995,0.00260651
0,0,0.0595072,0.0025351
0,0,0.0593916,0.00246869
0,0,0.0592529,0.00240716
0,0,0.0590914,0.00235039
0,0,0.0589076,0.00229826
0,0,0.0587018,0.00225067
0,0,0.0584743,0.00220753
0,0,0.0582254,0.00216875
0,0,0.0579557,0.00213426
0,0,0.0576653,0.00210398
0,0,0.0573548,0.00207786
0,0,0.0570245,0.00205585
0,0,0.0566748,0.00203789
0,0,0.0563062,0.00202396
0,0,0.055919,0.00201404
0,0,0.0555137,0.00200809
0,0,0.0550907,0.031081
0,0,0.0546505,0.031083
0,0,0.0541934,0.031089
0,0,0.05372,0.0310989
0,0,0.0532307,0.031113
0,0,0.052726,0.0311311
0,0,0.0522062,0.0311532
0,0,0.051672,0.0311795
0,0,0.0511237,0.0312099
0,0,0.0505619,0.0312444
0,0,0.049987,0.0312831
0,0,0.0493994,0.0313259
0,0,0.0487998,0.031373
0,0,0.0481886,0.0314243
0,0,0.0475662,0.0314797
0,0,0.0469332,0.0315394
0,0,0.04629,0.0316034
0,0,0.0456373,0.0316716
0,0,0.0449753,0.0317441
0,0,0.0443048,0.0318209
0,0,0.0436261,0.0319019
0,0,0.0429398,0.0319873
0,0,0.0422463,0.0320769
0,0,0.0415463,0.0321709
0,0,0.0408401,0.0322691
0,0,0.0401283,0.0323717
0,0,0.0394114,0.0324786
0,0,0.0386898,0.0325899
0,0,0.0379642,0.0327054
0,0,0.0372349,0.0328253
0,0,0.0365025,0.0329495
0,0,0.0357675,0.0330781
0,0,0.0350304,0.033211
0,0,0.0342916,0.0333482
0,0,0.0335517,0.0334897
0,0,0.032811,0.0336355
0,0,0.0320702,0.0337857
0,0,0.0313297,0.0339402
0,0,0.03059,0.0340989
0,0,0.0298514,0.034262
0,0,0.0291146,0.0344294
0,0,0.0283799,0.034601
0,0,0.0276478,0.034777
0,0,0.0269188,0.0349572
0,0,0.0261932,0.0351416
0,0,0.0254716,0.0353303
0,0,0.0247544,0.0355232
0,0,0.0240419,0.0357204
0,0,0.0233347,0.0359218
0,0,0.022633,0.0361273
0,0,0.0219374,0.036337
0,0,0.0212482,0.0365509
0,0,0.0205658,0.036769
0,0,0.0198906,0.0369912
0,0,0.0192229,0.0372175
0,0,0.0185632,0.0374479
0,0,0.0179118,0.0376824
0,0,0.0172689,0.0379209
0,0,0.016635,0.0381635
0,0,0.0160104,0.0384101
0,0,0.0153954,0.0386607
0,0,0.0147903,0.0389153
0,0,0.0141955,0.0391739
0,0,0.013611,0.0394364
0,0,0.0130374,0.0397028
0,0,0.0124748,0.0399731
0,0,0.0119234,0.0402473
0,0,0.0113836,0.0405253
0,0,0.0108554,0.0408071
0,0,0.0103393,0.0410927
0,0,0.00983528,0.0413821
0,0,0.00934362,0.0416752
0,0,0.00886447,0.041972
0,0,0.008398,0.0422725
0,0,0.00794436,0.0425767
0,0,0.00750367,0.0428845
0,0,0.00707607,0.0431959
0,0,0.00666165,0.0435108
0,0,0.00626051,0.0438293
0,0,0.00587272,0.0441513
0,0,0.00549833,0.0444768
0,0,0.0051374,0.0448057
0,0,0.00478995,0.045138
0,0,0.00445599,0.0454737
0,0,0.00413552,0.0458127
0,0,0.00382851,0.0461551
0,0,0.00353493,0.0465007
0,0,0.00325472,0.0468495
0,0,0.00298781,0.0472016
0,0,0.0027341,0.0475568
0,0.0572225,0.00249349,0.0479152
0,0.059656,0.00226584,0.0482766
0,0.0620895,0.00205102,0.0486412
0,0.064523,0.00184884,0.0490087
0,0.0669565,0.00165914,0.0493792
0,0.06939,0.00148169,0.0497527
0,0.0718235,0.00131629,0.0501291
0,0.074257,0.00116268,0.0505083
0,0.0766905,0.0010206,0.0508904
0,0.079124,0.00088976,0.0512753
0,0.0815575,0.000769859,0.051663
0,0.083991,0.000660567,0.0520533
0,0.0864245,0.000561535,0.0524463
0,0.088858,0.000472392,0.052842
0,0.0912915,0.000392746,0.0532402
0,0.093725,0.00032218,0.053641
0,0.0961585,0.000260258,0.0540443
0,0.098592,0.000206519,0.0544501
0,0.101026,0.000160479,0.0548583
0,0.103459,0.000121632,0.0552689
0,0.105893,8.94469e-05,0.0556818
0,0.108326,6.33697e-05,0.056097
0,0.11076,4.28216e-05,0.0565145
0,0.113193,2.71996e-05,0.0569342
0,0.115627,1.58761e-05,0.057356
0,0.11806,8.19824e-06,0.05778
0,0.120494,3.48816e-06,0.058206
0,0.122927,1.04231e-06,0.0586341
0,0.125361,1.31392e-07,0.0590641
0,0.127794,-1.11022e-16,0.0594961
0,0.127794,-1.11022e-16,0.0733955
0,0.127794,-1.11022e-16,0.073888
0,0.127794,-1.11022e-16,0.07438
0,0.127794,-1.11022e-16,0.0748713
0,0.127794,-1.11022e-16,0.075362
0,0.127794,-1.11022e-16,0.0758519
0,0.127794,-1.11022e-16,0.076341
0,0.127794,-1.11022e-16,0.0768293
0,0.127794,-1.11022e-16,0.0773167
0,0.127794,-1.11022e-16,0.0778032
0,0.127794,-1.11022e-16,0.0782887
0,0.127794,-1.11022e-16,0.0787732
0,0.127794,-1.11022e-16,0.0792566
0,0.127794,-1.11022e-16,0.0797389
0,0.127794,-1.11022e-16,0.0802201
0,0.127794,-1.11022e-16,0.0807
0,0.127794,-1.11022e-16,0.0811787
0,0.127794,-1.11022e-16,0.0816561
0,0.127794,-1.11022e-16,0.0821322
0,0.127794,-1.11022e-16,0.082607
0,0.127794,-1.11022e-16,0.0830803
0,0.127794,-1.11022e-16,0.0835521
0,0.127794,-1.11022e-16,0.0840225
0,0.127794,-1.11022e-16,0.0844913
0,0.127794,-1.11022e-16,0.0849586
0,0.127794,-1.11022e-16,0.0854243
0,0.127794,-1.11022e-16,0.0858883
0,0.127794,-1.11022e-16,0.0863506
0,0.127794,-1.11022e-16,0.0868112
0,0.127794,-1.11022e-16,0.0872701
0,0.127794,-1.11022e-16,0.0877271
0,0.127794,-1.11022e-16,0.0881824
0,0.127794,-1.11022e-16,0.0886357
0,0.127794,-1.11022e-16,0.0890872
0,0.127794,-1.11022e-16,0.0895368
0,0.127794,-1.11022e-16,0.0899844
0,0.127794,-1.11022e-16,0.09043
0,0.127794,-1.11022e-16,0.0908736
0,0.127794,-1.11022e-16,0.0913151
0,0.127794,-1.11022e-16,0.0917545
0,0.127794,-1.11022e-16,0.0921919
0,0.127794,-1.11022e-16,0.0926271
0,0.127794,-1.11022e-16,0.0930601
0,0.127794,-1.11022e-16,0.0934909
0,0.127794,-1.11022e-16,0.0939195
0,0.127794,-1.11022e-16,0.0943458
0,0.127794,-1.11022e-16,0.0947698
0,0.127794,-1.11022e-16,0.0951916
0,0.127794,-1.11022e-16,0.095611
0,0.127794,-1.11022e-16,0.096028
0,0.127794,-1.11022e-16,0.0964427
0,0.127794,-1.11022e-16,0.0968549
0,0.127794,-1.11022e-16,0.0972647
0,0.127794,-1.11022e-16,0.0976721
0,0.127794,-1.11022e-16,0.0980769
0,0.127794,-1.11022e-16,0.0984793
0,0.127794,-1.11022e-16,0.0988792
0,0.127794,-1.11022e-16,0.0992765
0,0.127794,-1.11022e-16,0.0996712
0,0.127794,-1.11022e-16,0.100063
0,0.127794,-1.11022e-16,0.100453
0,0.127794,-1.11022e-16,0.10084
0,0.127794,-1.11022e-16,0.101224
0,0.127794,-1.11022e-16,0.101606
0,0.127794,-1.11022e-16,0.101985
0,0.127794,-1.11022e-16,0.102361
0,0.127794,-1.11022e-16,0.102734
0,0.127794,-1.11022e-16,0.103105
0,0.127794,-1.11022e-16,0.103473
0,0.127794,-1.11022e-16,0.103839
0,0.127794,-1.11022e-16,0.104201
0,0.127794,-1.11022e-16,0.104561
0,0.127794,-1.11022e-16,0.104918
0,0.127794,-1.11022e-16,0.105272
0,0.127794,-1.11022e-16,0.105623
0,0.127794,-1.11022e-16,0.105972
0,0.127794,-1.11022e-16,0.106317
0,0.127794,-1.11022e-16,0.10666
0,0.127794,-1.11022e-16,0.107
0,0.127794,-1.11022e-16,0.107337
0,0.127794,-1.11022e-16,0.107671
0,0.127794,-1.11022e-16,0.108002
0,0.127794,-1.11022e-16,0.10833
0,0.127794,-1.11022e-16,0.108656
0,0.127794,-1.11022e-16,0.108978
0,0.127794,-1.11022e-16,0.109298
0,0.127794,-1.11022e-16,0.109614
0,0.127794,-1.11022e-16,0.109928
0,0.127794,-1.11022e-16,0.110238
0,0.127794,-1.11022e-16,0.110546
0,0.127794,-1.11022e-16,0.11085
0,0.127794,-1.11022e-16,0.111152
0,0.127794,-1.11022e-16,0.111451
0,0.127794,-1.11022e-16,0.111746
0,0.127794,-1.11022e-16,0.112039
0,0.127794,-1.11022e-16,0.112329
0,0.127794,-1.11022e-16,0.112615
0,0.127794,-1.11022e-16,0.112899
0,0.127794,-1.11022e-16,0.11318
0,0.127794,-1.11022e-16,0.113457
0,0.127794,-1.11022e-16,0.113732
0,0.127794,-1.11022e-16,0.114004
0,0.127794,-1.11022e-16,0.114272
0,0.127794,-1.11022e-16,0.114538
0,0.127794,-1.11022e-16,0.114801
0,0.127794,-1.11022e-16,0.11506
0,0.127794,-1.11022e-16,0.115317
0,0.127794,-1.11022e-16,0.115571
0,0.127794,-1.11022e-16,0.115821
0,0.127794,-1.11022e-16,0.116069
0,0.127794,-1.11022e-16,0.116313
0,0.127794,-1.11022e-16,0.116555
0,0.127794,-1.11022e-16,0.116794
0,0.127794,-1.11022e-16,0.117029
0,0.127794,-1.11022e-16,0.117262
0,0.127794,-1.11022e-16,0.117491
0,0.127794,-1.11022e-16,0.117718
0,0.127794,-1.11022e-16,0.117942
0,0.127794,-1.11022e-16,0.118163
0,0.127794,-1.11022e-16,0.11838
0,0.127794,-1.11022e-16,0.118595
0,0.127794,-1.11022e-16,0.118807
0,0.127794,-1.11022e-16,0.119016
0,0.127794,-1.11022e-16,0.119222
0,0.127794,-1.11022e-16,0.119425
0,0.127794,-1.11022e-16,0.119625
0,0.127794,-1.11022e-16,0.119822
0,0.127794,-1.11022e-16,0.120017
0,0.127794,-1.11022e-16,0.120208
0,0.127794,-1.11022e-16,0.120397
0,0.127794,-1.11022e-16,0.120582
0,0.127794,-1.11022e-16,0.120765
0,0.127794,-1.11022e-16,0.120945
0,0.127794,-1.11022e-16,0.121122
0,0.127794,-1.11022e-16,0.121297
0,0.127794,-1.11022e-16,0.121468
0,0.127794,-1.11022e-16,0.121637
0,0.127794,-1.11022e-16,0.121803
0,0.127794,-1.11022e-16,0.121966
0,0.127794,-1.11022e-16,0.122126
0,0.127794,-1.11022e-16,0.122284
0,0.127794,-1.11022e-16,0.122439
0,0.127794,-1.11022e-16,0.122591
0,0.127794,-1.11022e-16,0.122741
0,0.127794,-1.11022e-16,0.122887
0,0.127794,-1.11022e-16,0.123032
0,0.127794,-1.11022e-16,0.123173
0,0.127794,-1.11022e-16,0.123312
0,0.127794,-1.11022e-16,0.123448
0,0.127794,-1.11022e-16,0.123581
0,0.127794,-1.11022e-16,0.123712
0,0.127794,-1.11022e-16,0.123841
0,0.127794,-1.11022e-16,0.123967
0,0.127794,-1.11022e-16,0.12409
0,0.127794,-1.11022e-16,0.124211
0,0.127794,-1.11022e-16,0.124329
0,0.127794,-1.11022e-16,0.124445
0,0.127794,-1.11022e-16,0.124558
0,0.127794,-1.11022e-16,0.124669
0,0.127794,-1.11022e-16,0.124777
0,0.127794,-1.11022e-16,0.124883
0,0.127794,-1.11022e-16,0.124987
0,0.127794,-1.11022e-16,0.125088
0,0.127794,-1.11022e-16,0.125187
0,0.127794,-1.11022e-16,0.125283
0,0.127794,-1.11022e-16,0.125378
0,0.127794,-1.11022e-16,0.12547
0,0.127794,-1.11022e-16,0.125559
0,0.127794,-1.11022e-16,0.125647
0,0.127794,-1.11022e-16,0.125732
0,0.127794,-1.11022e-16,0.125815
0,0.127794,-1.11022e-16,0.125896
0,0.127794,-1.11022e-16,0.125974
0,0.127794,-1.11022e-16,0.126051
0,0.127794,-1.11022e-16,0.126125
0,0.127794,-1.11022e-16,0.126198
0,0.127794,-1.11022e-16,0.126268
0,0.127794,-1.11022e-16,0.126336
0,0.127794,-1.11022e-16,0.126403
0,0.127794,-1.11022e-16,0.126467
0,0.127794,-1.11022e-16,0.126529
0,0.127794,-1.11022e-16,0.12659
0,0.127794,-1.11022e-16,0.126648
0,0.127794,-1.11022e-16,0.126705
0,0.127794,-1.11022e-16,0.12676
0,0.127794,-1.11022e-16,0.126813
0,0.127794,-1.11022e-16,0.126864
0,0.127794,-1.11022e-16,0.126913
0,0.127794,-1.11022e-16,0.126961
0,0.127794,-1.11022e-16,0.127007
0,0.127794,-1.11022e-16,0.127051
0,0.127794,-1.11022e-16,0.127094
0,0.127794,-1.11022e-16,0.127135
0,0.127794,-1.11022e-16,0.127174
0,0.127794,-1.11022e-16,0.127212
0,0.127794,-1.11022e-16,0.127248
0,0.127794,-1.11022e-16,0.127283
0,0.127794,-1.11022e-16,0.127316
0,0.127794,-1.11022e-16,0.127348
0,0.127794,-1.11022e-16,0.127378
0,0.127794,-1.11022e-16,0.127407
0,0.127794,-1.11022e-16,0.127435
0,0.127794,-1.11022e-16,0.127461
0,0.127794,-1.11022e-16,0.127486
0,0.127794,-1.11022e-16,0.12751
0,0.127794,-1.11022e-16,0.127532
0,0.127794,-1.11022e-16,0.127553
0,0.127794,-1.11022e-16,0.127573
0,0.127794,-1.11022e-16,0.127592
0,0.127794,-1.11022e-16,0.12761
0,0.127794,-1.11022e-16,0.127627
0,0.127794,-1.11022e-16,0.127642
0,0.127794,-1.11022e-16,0.127657
0,0.127794,-1.11022e-16,0.127671
0,0.127794,-1.11022e-16,0.127683
0,0.127794,-1.11022e-16,0.127695
0,0.127794,-1.11022e-16,0.127706
0,0.127794,-1.11022e-16,0.127716
0,0.127794,-1.11022e-16,0.127725
0,0.127794,-1.11022e-16,0.127733
0,0.127794,-1.11022e-16,0.127741
0,0.127794,-1.11022e-16,0.127748
0,0.127794,-1.11022e-16,0.127754
0,0.127794,-1.11022e-16,0.12776
0,0.127794,-1.11022e-16,0.127765
0,0.127794,-1.11022e-16,0.127769
0,0.127794,-1.11022e-16,0.127773
0,0.127794,-1.11022e-16,0.127776
0,0.127794,-1.11022e-16,0.127779
0,0.127794,-1.11022e-16,0.127782
0,0.127794,-1.11022e-16,0.127784
0,0.127794,-1.11022e-16,0.127785
0,0.127794,-1.11022e-16,0.127787
0,0.127794,-1.11022e-16,0.127788
0,0.127794,-1.11022e-16,0.127789
0,0.127794,-1.11022e-16,0.127789
0,0.127794,-1.11022e-16,0.12779
0,0.127794,-1.11022e-16,0.12779
0,0.127794,-1.11022e-16,0.12779
0,0.127794,-1.11022e-16,0.12779
