0,-0.422085,-0.0844994,0.69896
1,-0.383991,-0.0778924,0.69896
2,-0.383441,-0.0726814,0.69896
3,-0.382919,-0.0708307,0.69896
4,-0.384402,-0.0701262,0.69896
5,-0.384731,-0.0700059,0.69896
6,-0.384727,-0.070015,0.69896
7,-0.384563,-0.0700327,0.69896
8,-0.384364,-0.0700235,0.69896
9,-0.384176,-0.0699984,0.69896
10,-0.384002,-0.0699677,0.69896
11,-0.383831,-0.0699368,0.69896
12,-0.383655,-0.0699038,0.69896
13,-0.383475,-0.0698627,0.69896
14,-0.383289,-0.0698237,0.69896
15,-0.383095,-0.0697975,0.69896
16,-0.382887,-0.0697874,0.69896
17,-0.382676,-0.0697864,0.69896
18,-0.382456,-0.0697893,0.69896
19,-0.382226,-0.0697917,0.69896
20,-0.381986,-0.0697921,0.69896
21,-0.381736,-0.0697891,0.69896
22,-0.381475,-0.0697831,0.69896
23,-0.381203,-0.0697732,0.69896
24,-0.38092,-0.0697632,0.69896
25,-0.380627,-0.0697536,0.69896
26,-0.380322,-0.069745,0.69896
27,-0.380006,-0.0697357,0.69896
28,-0.379679,-0.0697261,0.69896
29,-0.379341,-0.0697163,0.69896
30,-0.378993,-0.069706,0.69896
31,-0.378634,-0.0696953,0.69896
32,-0.378264,-0.0696842,0.69896
33,-0.377883,-0.0696716,0.69896
34,-0.377492,-0.0696535,0.69896
35,-0.377084,-0.0696236,0.69896
36,-0.376662,-0.0695864,0.69896
37,-0.376233,-0.0695461,0.69896
38,-0.375799,-0.0695061,0.69896
39,-0.375357,-0.0694668,0.69896
40,-0.37491,-0.0694636,0.69896
41,-0.374452,-0.0694673,0.69896
42,-0.373982,-0.0694855,0.69896
43,-0.373498,-0.0694996,0.69896
44,-0.373004,-0.0695093,0.69896
45,-0.372501,-0.0695099,0.69896
46,-0.37199,-0.069501,0.69896
47,-0.371469,-0.0694829,0.69896
48,-0.37094,-0.0694571,0.69896
49,-0.370402,-0.0694297,0.69896
50,-0.369851,-0.0693881,0.69896
51,-0.369298,-0.0693644,0.69896
52,-0.368731,-0.0693416,0.69896
53,-0.368156,-0.0693295,0.69896
54,-0.367567,-0.0693183,0.69896
55,-0.366967,-0.0693007,0.69896
56,-0.366363,-0.0692864,0.69896
57,-0.365756,-0.0692744,0.69896
58,-0.365134,-0.0692603,0.69896
59,-0.364503,-0.0692498,0.69896
60,-0.363861,-0.069237,0.69896
61,-0.36321,-0.069223,0.69896
62,-0.362551,-0.0692071,0.69896
63,-0.361884,-0.0691888,0.69896
64,-0.361212,-0.0691723,0.69896
65,-0.36053,-0.0691547,0.69896
66,-0.359838,-0.0691377,0.69896
67,-0.35914,-0.069121,0.69896
68,-0.358432,-0.0691021,0.69896
69,-0.35772,-0.0690883,0.69896
70,-0.356997,-0.0690703,0.69896
71,-0.356266,-0.0690541,0.69896
72,-0.355529,-0.0690377,0.69896
73,-0.354779,-0.0690151,0.69896
74,-0.354018,-0.0689771,0.69896
75,-0.35325,-0.0689567,0.69896
76,-0.352479,-0.0689478,0.69896
77,-0.351705,-0.068948,0.69896
78,-0.350921,-0.0689463,0.69896
79,-0.35013,-0.0689418,0.69896
80,-0.349322,-0.0689327,0.69896
81,-0.348518,-0.0689146,0.69896
82,-0.347711,-0.068897,0.69896
83,-0.346893,-0.0688839,0.69896
84,-0.346069,-0.0688708,0.69896
85,-0.345235,-0.0688585,0.69896
86,-0.344394,-0.0688406,0.69896
87,-0.343546,-0.0688187,0.69896
88,-0.342689,-0.068797,0.69896
89,-0.341826,-0.0687789,0.69896
90,-0.340958,-0.0687648,0.69896
91,-0.340084,-0.0687526,0.69896
92,-0.339203,-0.0687399,0.69896
93,-0.338314,-0.0687254,0.69896
94,-0.337418,-0.0687088,0.69896
95,-0.336517,-0.0686916,0.69896
96,-0.335609,-0.0686742,0.69896
97,-0.334695,-0.0686572,0.69896
98,-0.333775,-0.0686407,0.69896
99,-0.332849,-0.0686245,0.69896
100,-0.331916,-0.0686082,0.69896
101,-0.330978,-0.0685922,0.69896
102,-0.330033,-0.0685761,0.69896
103,-0.329082,-0.06856,0.69896
104,-0.328125,-0.0685435,0.69896
105,-0.327164,-0.0685276,0.69896
106,-0.326198,-0.0685125,0.69896
107,-0.325226,-0.0684973,0.69896
108,-0.324249,-0.0684814,0.69896
109,-0.323266,-0.0684653,0.69896
110,-0.322279,-0.0684494,0.69896
111,-0.321285,-0.068434,0.69896
112,-0.320286,-0.068419,0.69896
113,-0.319283,-0.068405,0.69896
114,-0.318274,-0.0683917,0.69896
115,-0.317261,-0.0683787,0.69896
116,-0.316241,-0.0683657,0.69896
117,-0.315217,-0.0683526,0.69896
118,-0.314187,-0.0683399,0.69896
119,-0.313153,-0.0683277,0.69896
120,-0.312114,-0.0683177,0.69896
121,-0.311073,-0.0683128,0.69896
122,-0.310027,-0.0683107,0.69896
123,-0.308977,-0.0683057,0.69896
124,-0.307924,-0.0682903,0.69896
125,-0.306865,-0.0682731,0.69896
126,-0.305799,-0.0682579,0.69896
127,-0.304727,-0.0682463,0.69896
128,-0.303649,-0.0682382,0.69896
129,-0.302565,-0.0682325,0.69896
130,-0.301478,-0.0682272,0.69896
131,-0.300385,-0.0682187,0.69896
132,-0.29929,-0.0682055,0.69896
133,-0.298194,-0.0681894,0.69896
134,-0.297098,-0.068169,0.69896
135,-0.296001,-0.0681506,0.69896
136,-0.294903,-0.068137,0.69896
137,-0.293799,-0.068125,0.69896
138,-0.29269,-0.0681123,0.69896
139,-0.291576,-0.0680988,0.69896
140,-0.290458,-0.0680852,0.69896
141,-0.289337,-0.0680723,0.69896
142,-0.288211,-0.0680607,0.69896
143,-0.287082,-0.0680505,0.69896
144,-0.285949,-0.0680416,0.69896
145,-0.284813,-0.0680331,0.69896
146,-0.283678,-0.0680222,0.69896
147,-0.282543,-0.0680114,0.69896
148,-0.281406,-0.0680024,0.69896
149,-0.280263,-0.0679948,0.69896
150,-0.279115,-0.067987,0.69896
151,-0.277962,-0.0679792,0.69896
152,-0.276807,-0.0679743,0.69896
153,-0.275648,-0.0679709,0.69896
154,-0.274484,-0.0679683,0.69896
155,-0.273315,-0.0679663,0.69896
156,-0.272144,-0.0679653,0.69896
157,-0.270971,-0.0679645,0.69896
158,-0.269796,-0.0679627,0.69896
159,-0.268619,-0.06796,0.69896
160,-0.267441,-0.067956,0.69896
161,-0.266261,-0.0679483,0.69896
162,-0.265083,-0.0679411,0.69896
163,-0.263906,-0.0679339,0.69896
164,-0.262726,-0.0679267,0.69896
165,-0.261543,-0.0679207,0.69896
166,-0.260357,-0.0679147,0.69896
167,-0.25917,-0.0679084,0.69896
168,-0.257983,-0.0679011,0.69896
169,-0.256796,-0.0678949,0.69896
170,-0.255607,-0.0678902,0.69896
171,-0.254415,-0.0678869,0.69896
172,-0.25322,-0.067884,0.69896
173,-0.252022,-0.0678814,0.69896
174,-0.250822,-0.0678787,0.69896
175,-0.249621,-0.0678773,0.69896
176,-0.248418,-0.0678766,0.69896
177,-0.247212,-0.0678757,0.69896
178,-0.246007,-0.0678774,0.69896
179,-0.244799,-0.0678782,0.69896
180,-0.243591,-0.0678799,0.69896
181,-0.242383,-0.0678821,0.69896
182,-0.241173,-0.0678833,0.69896
183,-0.239965,-0.0678852,0.69896
184,-0.238754,-0.067885,0.69896
185,-0.237545,-0.0678854,0.69896
186,-0.236335,-0.0678856,0.69896
187,-0.235124,-0.0678853,0.69896
188,-0.233916,-0.0678959,0.69896
189,-0.232707,-0.0679124,0.69896
190,-0.231496,-0.0679276,0.69896
191,-0.230281,-0.0679372,0.69896
192,-0.229065,-0.0679393,0.69896
193,-0.227849,-0.0679354,0.69896
194,-0.226633,-0.067929,0.69896
195,-0.225418,-0.0679232,0.69896
196,-0.224204,-0.0679202,0.69896
197,-0.22299,-0.0679202,0.69896
198,-0.221778,-0.0679231,0.69896
199,-0.220567,-0.0679281,0.69896
200,-0.219352,-0.0679284,0.69896
201,-0.21814,-0.0679273,0.69896
202,-0.216926,-0.0679239,0.69896
203,-0.215716,-0.0679224,0.69896
204,-0.214504,-0.0679218,0.69896
205,-0.213294,-0.0679235,0.69896
206,-0.212084,-0.0679262,0.69896
207,-0.210874,-0.0679298,0.69896
208,-0.209665,-0.0679375,0.69896
209,-0.208458,-0.0679496,0.69896
210,-0.20725,-0.0679581,0.69896
211,-0.206042,-0.0679673,0.69896
212,-0.204836,-0.0679788,0.69896
213,-0.203632,-0.067986,0.69896
214,-0.202403,-0.0679684,0.69896
215,-0.201167,-0.067883,0.69896
216,-0.199948,-0.0676669,0.69896
217,-0.198701,-0.0672891,0.69896
218,-0.197151,-0.0668127,0.69896
219,-0.195507,-0.0664036,0.69896
220,-0.193935,-0.0661889,0.69896
221,-0.192499,-0.0662035,0.69896
222,-0.191217,-0.0664104,0.69896
223,-0.190073,-0.0667513,0.69896
224,-0.189022,-0.0671636,0.69896
225,-0.188015,-0.0675597,0.69896
226,-0.187019,-0.0678692,0.69896
227,-0.186024,-0.0680701,0.69896
228,-0.185024,-0.0681705,0.69896
229,-0.184017,-0.0681945,0.69896
230,-0.182983,-0.0681761,0.69896
231,-0.181916,-0.0681433,0.69896
232,-0.180823,-0.068113,0.69896
233,-0.17971,-0.0680926,0.69896
234,-0.178582,-0.0680833,0.69896
235,-0.177443,-0.0680833,0.69896
236,-0.176298,-0.0680895,0.69896
237,-0.175149,-0.0680989,0.69896
238,-0.173998,-0.0681095,0.69896
239,-0.172847,-0.0681198,0.69896
240,-0.171697,-0.0681293,0.69896
241,-0.170547,-0.0681379,0.69896
242,-0.169399,-0.0681454,0.69896
243,-0.168253,-0.0681538,0.69896
244,-0.167108,-0.0681625,0.69896
245,-0.165969,-0.0681721,0.69896
246,-0.164832,-0.0681807,0.69896
247,-0.163697,-0.0681884,0.69896
248,-0.162566,-0.0681965,0.69896
249,-0.161438,-0.0682053,0.69896
250,-0.160312,-0.0682149,0.69896
251,-0.159189,-0.0682245,0.69896
252,-0.158065,-0.0682319,0.69896
253,-0.15692,-0.0682203,0.69896
254,-0.155759,-0.0682143,0.69896
255,-0.154599,-0.0682241,0.69896
256,-0.153445,-0.0682499,0.69896
257,-0.152305,-0.0682851,0.69896
258,-0.151181,-0.0683221,0.69896
259,-0.150076,-0.068355,0.69896
260,-0.148988,-0.0683897,0.69896
261,-0.147903,-0.0684223,0.69896
262,-0.146822,-0.0684502,0.69896
263,-0.145744,-0.0684717,0.69896
264,-0.144673,-0.068487,0.69896
265,-0.143608,-0.0684972,0.69896
266,-0.14255,-0.068504,0.69896
267,-0.141497,-0.0685073,0.69896
268,-0.140449,-0.0685088,0.69896
269,-0.139406,-0.0685063,0.69896
270,-0.138363,-0.0685001,0.69896
271,-0.13732,-0.0684943,0.69896
272,-0.136278,-0.0684914,0.69896
273,-0.13524,-0.0684932,0.69896
274,-0.134207,-0.068502,0.69896
275,-0.133177,-0.0685143,0.69896
276,-0.132148,-0.0685278,0.69896
277,-0.131125,-0.0685411,0.69896
278,-0.13011,-0.0685534,0.69896
279,-0.129104,-0.0685635,0.69896
280,-0.128106,-0.0685708,0.69896
281,-0.127114,-0.068576,0.69896
282,-0.126131,-0.0685798,0.69896
283,-0.125139,-0.0685759,0.69896
284,-0.124144,-0.068565,0.69896
285,-0.12317,-0.0685291,0.69896
286,-0.122229,-0.0684914,0.69896
287,-0.121292,-0.0684718,0.69896
288,-0.120352,-0.0684763,0.69896
289,-0.119406,-0.0685054,0.69896
290,-0.118455,-0.0685369,0.69896
291,-0.117506,-0.0685609,0.69896
292,-0.116562,-0.0685775,0.69896
293,-0.115624,-0.0685922,0.69896
294,-0.114692,-0.0686095,0.69896
295,-0.113766,-0.0686309,0.69896
296,-0.112846,-0.0686558,0.69896
297,-0.111933,-0.0686811,0.69896
298,-0.111026,-0.0687036,0.69896
299,-0.110127,-0.0687234,0.69896
300,-0.109233,-0.0687421,0.69896
301,-0.108344,-0.0687615,0.69896
302,-0.107462,-0.0687819,0.69896
303,-0.106584,-0.0688013,0.69896
304,-0.105711,-0.0688183,0.69896
305,-0.104845,-0.0688315,0.69896
306,-0.103985,-0.0688394,0.69896
307,-0.103133,-0.0688437,0.69896
308,-0.102287,-0.0688438,0.69896
309,-0.101449,-0.0688443,0.69896
310,-0.100603,-0.0688422,0.69896
311,-0.0997305,-0.0688337,0.69896
312,-0.0988556,-0.0688283,0.69896
313,-0.09799,-0.0688316,0.69896
314,-0.0971427,-0.0688465,0.69896
315,-0.0963174,-0.0688701,0.69896
316,-0.0955146,-0.0688995,0.69896
317,-0.0947311,-0.0689365,0.69896
318,-0.0939527,-0.0689751,0.69896
319,-0.0931801,-0.0690102,0.69896
320,-0.0924143,-0.0690384,0.69896
321,-0.0916578,-0.0690596,0.69896
322,-0.0909119,-0.069075,0.69896
323,-0.0901759,-0.0690854,0.69896
324,-0.0894492,-0.0690923,0.69896
325,-0.0887312,-0.0690973,0.69896
326,-0.0880216,-0.0691014,0.69896
327,-0.0873197,-0.0691056,0.69896
328,-0.0866249,-0.0691103,0.69896
329,-0.0859369,-0.0691159,0.69896
330,-0.0852553,-0.0691227,0.69896
331,-0.0845796,-0.0691304,0.69896
332,-0.083911,-0.0691398,0.69896
333,-0.0832483,-0.0691499,0.69896
334,-0.0825908,-0.0691601,0.69896
335,-0.0819435,-0.0691735,0.69896
336,-0.0813033,-0.069187,0.69896
337,-0.0806694,-0.0692003,0.69896
338,-0.0800423,-0.0692133,0.69896
339,-0.0794228,-0.0692262,0.69896
340,-0.0788069,-0.0692391,0.69896
341,-0.0782033,-0.0692498,0.69896
342,-0.0776103,-0.0692608,0.69896
343,-0.0770317,-0.0692735,0.69896
344,-0.0764616,-0.0692848,0.69896
345,-0.0759013,-0.0692957,0.69896
346,-0.0753499,-0.0693038,0.69896
347,-0.0748011,-0.0693106,0.69896
348,-0.0742626,-0.0693174,0.69896
349,-0.0737345,-0.0693243,0.69896
350,-0.0732158,-0.0693309,0.69896
351,-0.0727059,-0.0693371,0.69896
352,-0.0722044,-0.0693431,0.69896
353,-0.0717121,-0.0693495,0.69896
354,-0.0712302,-0.069355,0.69896
355,-0.0707533,-0.0693609,0.69896
356,-0.0702874,-0.0693683,0.69896
357,-0.069831,-0.0693758,0.69896
358,-0.0693842,-0.0693839,0.69896
359,-0.0689462,-0.0693919,0.69896
360,-0.0685167,-0.0693998,0.69896
361,-0.0680959,-0.0694075,0.69896
362,-0.0676837,-0.0694147,0.69896
363,-0.0672811,-0.069422,0.69896
364,-0.0668875,-0.0694284,0.69896
365,-0.066504,-0.0694348,0.69896
366,-0.0661301,-0.0694406,0.69896
367,-0.0657664,-0.0694464,0.69896
368,-0.0654126,-0.0694518,0.69896
369,-0.0650687,-0.0694569,0.69896
370,-0.0647348,-0.0694617,0.69896
371,-0.0644108,-0.069466,0.69896
372,-0.0640968,-0.06947,0.69896
373,-0.0637936,-0.0694742,0.69896
374,-0.063501,-0.0694783,0.69896
375,-0.0632188,-0.0694824,0.69896
376,-0.062947,-0.0694864,0.69896
377,-0.0626856,-0.0694903,0.69896
378,-0.0624346,-0.0694942,0.69896
379,-0.0621941,-0.069498,0.69896
380,-0.0619642,-0.0695017,0.69896
381,-0.0617449,-0.0695052,0.69896
382,-0.0615365,-0.0695087,0.69896
383,-0.0613391,-0.069512,0.69896
384,-0.0611524,-0.0695151,0.69896
385,-0.060977,-0.0695183,0.69896
386,-0.0608127,-0.0695213,0.69896
387,-0.0606593,-0.0695239,0.69896
388,-0.0605168,-0.0695263,0.69896
389,-0.0603859,-0.0695289,0.69896
390,-0.0602663,-0.0695308,0.69896
391,-0.0601574,-0.0695325,0.69896
392,-0.0600599,-0.0695341,0.69896
393,-0.0599741,-0.0695355,0.69896
394,-0.0598997,-0.0695368,0.69896
395,-0.059837,-0.0695378,0.69896
396,-0.0597856,-0.0695387,0.69896
397,-0.0597458,-0.0695394,0.69896
398,-0.0597177,-0.0695399,0.69896
399,-0.0597014,-0.0695402,0.69896
400,-0.0596968,-0.0695404,0.69896
401,-0.0596975,-0.0695406,0.69896
402,-0.0596977,-0.0695416,0.69896
403,-0.0596979,-0.0695443,0.69896
404,-0.0596982,-0.0695499,0.69896
405,-0.0596986,-0.0695593,0.69896
406,-0.0596991,-0.0695735,0.69896
407,-0.0596995,-0.0695935,0.69896
408,-0.0596996,-0.06962,0.69896
409,-0.0596996,-0.0696541,0.69896
410,-0.0596995,-0.0696963,0.69896
411,-0.0596992,-0.0697477,0.69896
412,-0.0596987,-0.0698091,0.69896
413,-0.059698,-0.0698808,0.69896
414,-0.0596973,-0.0699637,0.69896
415,-0.0596964,-0.0700587,0.69896
416,-0.0596953,-0.0701662,0.69896
417,-0.0596939,-0.070287,0.69896
418,-0.0596924,-0.0704212,0.69896
419,-0.0596907,-0.0705701,0.69896
420,-0.0596891,-0.0707329,0.69896
421,-0.0596873,-0.0709116,0.69896
422,-0.0596854,-0.0711055,0.69896
423,-0.0596837,-0.0713149,0.69896
424,-0.0596818,-0.071542,0.69896
425,-0.0596793,-0.0717852,0.69896
426,-0.0596777,-0.0720428,0.69896
427,-0.0596774,-0.0723182,0.69896
428,-0.0596751,-0.0726126,0.69896
429,-0.0596725,-0.0729243,0.69896
430,-0.0596698,-0.0732538,0.69896
431,-0.059667,-0.0736014,0.69896
432,-0.0596645,-0.0739666,0.69896
433,-0.0596621,-0.0743503,0.69896
434,-0.0596597,-0.0747522,0.69896
435,-0.0596571,-0.0751726,0.69896
436,-0.0596542,-0.0756118,0.69896
437,-0.0596514,-0.0760689,0.69896
438,-0.0596491,-0.0765438,0.69896
439,-0.0596468,-0.0770374,0.69896
440,-0.0596439,-0.0775503,0.69896
441,-0.0596409,-0.0780806,0.69896
442,-0.0596379,-0.0786318,0.69896
443,-0.0596345,-0.0791965,0.69896
444,-0.0596337,-0.0797788,0.69896
445,-0.0596317,-0.0803817,0.69896
446,-0.059631,-0.0809969,0.69896
447,-0.0596292,-0.0816337,0.69896
448,-0.0596269,-0.0822855,0.69896
449,-0.0596237,-0.0829565,0.69896
450,-0.0596203,-0.0836421,0.69896
451,-0.0596174,-0.084344,0.69896
452,-0.0596147,-0.0850617,0.69896
453,-0.0596116,-0.0857965,0.69896
454,-0.0596096,-0.0865427,0.69896
455,-0.0596089,-0.0873044,0.69896
456,-0.0596072,-0.0880819,0.69896
457,-0.0596052,-0.0888731,0.69896
458,-0.0596039,-0.0896771,0.69896
459,-0.0596057,-0.090491,0.69896
460,-0.0596045,-0.0913218,0.69896
461,-0.0595995,-0.0921767,0.69896
462,-0.0595969,-0.093034,0.69896
463,-0.059595,-0.0939102,0.69896
464,-0.0595901,-0.0948008,0.69896
465,-0.0595833,-0.095706,0.69896
466,-0.0595768,-0.0966207,0.69896
467,-0.0595703,-0.0975459,0.69896
468,-0.0595633,-0.0984817,0.69896
469,-0.0595563,-0.0994266,0.69896
470,-0.0595487,-0.100383,0.69896
471,-0.0595413,-0.101348,0.69896
472,-0.0595349,-0.102319,0.69896
473,-0.0595294,-0.103293,0.69896
474,-0.0595245,-0.10427,0.69896
475,-0.0595191,-0.105252,0.69896
476,-0.0595131,-0.106236,0.69896
477,-0.0595094,-0.107219,0.69896
478,-0.0595062,-0.108203,0.69896
479,-0.0595032,-0.109186,0.69896
480,-0.0595001,-0.110169,0.69896
481,-0.0594968,-0.111152,0.69896
482,-0.059494,-0.112135,0.69896
483,-0.059489,-0.113122,0.69896
484,-0.0594821,-0.114111,0.69896
485,-0.0594762,-0.115097,0.69896
486,-0.0594721,-0.11608,0.69896
487,-0.0594669,-0.117065,0.69896
488,-0.0594632,-0.118036,0.69896
489,-0.0594616,-0.119,0.69896
490,-0.059459,-0.119958,0.69896
491,-0.0594559,-0.12091,0.69896
492,-0.0594496,-0.121868,0.69896
493,-0.0594412,-0.12281,0.69896
494,-0.0594371,-0.123748,0.69896
495,-0.059436,-0.124662,0.69896
496,-0.0594361,-0.12557,0.69896
497,-0.0594371,-0.126464,0.69896
498,-0.0594354,-0.127352,0.69896
499,-0.0594298,-0.128233,0.69896
500,-0.0594236,-0.129097,0.69896
501,-0.0594257,-0.129941,0.69896
502,-0.0594237,-0.130777,0.69896
503,-0.0594195,-0.131594,0.69896
504,-0.0594164,-0.132391,0.69896
505,-0.0594163,-0.133166,0.69896
506,-0.0594143,-0.133929,0.69896
507,-0.059415,-0.13467,0.69896
508,-0.0594161,-0.135395,0.69896
509,-0.0594166,-0.1361,0.69896
510,-0.0594166,-0.136785,0.69896
511,-0.0594178,-0.137446,0.69896
512,-0.0594197,-0.138085,0.69896
513,-0.0594208,-0.138704,0.69896
514,-0.0594221,-0.13931,0.69896
515,-0.0594221,-0.139882,0.69896
516,-0.0594222,-0.140435,0.69896
517,-0.0594221,-0.140959,0.69896
518,-0.0594235,-0.141452,0.69896
519,-0.0594247,-0.141922,0.69896
520,-0.0594251,-0.142363,0.69896
521,-0.0594256,-0.142778,0.69896
522,-0.0594257,-0.143165,0.69896
523,-0.0594258,-0.143524,0.69896
524,-0.059426,-0.143855,0.69896
525,-0.0594265,-0.144155,0.69896
526,-0.0594265,-0.144427,0.69896
527,-0.0594265,-0.144669,0.69896
528,-0.0594266,-0.144881,0.69896
529,-0.0594268,-0.145061,0.69896
530,-0.0594273,-0.145207,0.69896
531,-0.0594279,-0.14532,0.69896
532,-0.0594273,-0.145404,0.69896
533,-0.0594263,-0.145454,0.69896
534,-0.0594263,-0.145468,0.69896
535,-0.059426,-0.145448,0.69896
536,-0.0594255,-0.145394,0.69896
537,-0.0594247,-0.145304,0.69896
538,-0.0594239,-0.145179,0.69896
539,-0.0594232,-0.145018,0.69896
540,-0.0594225,-0.144821,0.69896
541,-0.0594218,-0.144586,0.69896
542,-0.0594202,-0.144315,0.69896
543,-0.0594173,-0.144008,0.69896
544,-0.0594133,-0.143666,0.69896
545,-0.0594087,-0.143285,0.69896
546,-0.0594015,-0.142872,0.69896
547,-0.059396,-0.142421,0.69896
548,-0.0593941,-0.141931,0.69896
549,-0.0593924,-0.141402,0.69896
550,-0.0593899,-0.140839,0.69896
551,-0.0593866,-0.140238,0.69896
552,-0.0593853,-0.139596,0.69896
553,-0.0593848,-0.138918,0.69896
554,-0.0593847,-0.138201,0.69896
555,-0.0593859,-0.137451,0.69896
556,-0.0593887,-0.136658,0.69896
557,-0.0593899,-0.135832,0.69896
558,-0.0593889,-0.134969,0.69896
559,-0.0593882,-0.134063,0.69896
560,-0.0593899,-0.133129,0.69896
561,-0.0593865,-0.132154,0.69896
562,-0.059387,-0.131144,0.69896
563,-0.0593803,-0.130109,0.69896
564,-0.0593731,-0.129024,0.69896
565,-0.0593703,-0.127912,0.69896
566,-0.0593641,-0.126759,0.69896
567,-0.0593602,-0.125578,0.69896
568,-0.0593525,-0.124359,0.69896
569,-0.0593448,-0.123107,0.69896
570,-0.0593397,-0.121823,0.69896
571,-0.0593267,-0.120517,0.69896
572,-0.0593085,-0.119173,0.69896
573,-0.0592927,-0.11779,0.69896
574,-0.0592666,-0.11638,0.69896
575,-0.0592654,-0.114925,0.69896
576,-0.0592617,-0.113444,0.69896
577,-0.0592573,-0.111932,0.69896
578,-0.0592516,-0.110388,0.69896
579,-0.0592565,-0.108806,0.69896
580,-0.0592618,-0.107197,0.69896
581,-0.0592689,-0.105549,0.69896
582,-0.0592852,-0.103867,0.69896
583,-0.0592945,-0.102179,0.69896
584,-0.0592936,-0.100466,0.69896
585,-0.0593032,-0.0987124,0.69896
586,-0.0593216,-0.0969493,0.69896
587,-0.0593284,-0.0951847,0.69896
588,-0.0593364,-0.0933889,0.69896
589,-0.0593429,-0.0915776,0.69896
590,-0.0593477,-0.0897419,0.69896
591,-0.0593562,-0.0878867,0.69896
592,-0.059367,-0.0860219,0.69896
593,-0.0593802,-0.0841452,0.69896
594,-0.0593975,-0.0822547,0.69896
595,-0.0594147,-0.0803599,0.69896
596,-0.0594273,-0.078452,0.69896
597,-0.059444,-0.0765232,0.69896
598,-0.0594775,-0.0745899,0.69896
599,-0.059507,-0.0726604,0.69896
600,-0.0595321,-0.0707354,0.69896
601,-0.0595592,-0.0690005,0.69896
602,-0.0595902,-0.0672826,0.69896
603,-0.0595957,-0.0656018,0.69896
604,-0.0595887,-0.063924,0.69896
605,-0.0595648,-0.0622687,0.69896
606,-0.0595265,-0.0606225,0.69896
607,-0.0594836,-0.058976,0.69896
608,-0.059438,-0.0573303,0.69896
609,-0.059385,-0.0556876,0.69896
610,-0.0593196,-0.0540389,0.69896
611,-0.0592448,-0.0523852,0.69896
612,-0.059162,-0.0507323,0.69896
613,-0.0590706,-0.04908,0.69896
614,-0.0589769,-0.0474332,0.69896
615,-0.0588744,-0.0457892,0.69896
616,-0.0588144,-0.0441089,0.69896
617,-0.0587061,-0.042444,0.69896
618,-0.0585696,-0.040798,0.69896
619,-0.0584221,-0.0391471,0.69896
620,-0.0582692,-0.037506,0.69896
621,-0.0581121,-0.0358659,0.69896
622,-0.0579541,-0.0342145,0.69896
623,-0.0577861,-0.0325731,0.69896
624,-0.0576055,-0.030934,0.69896
625,-0.0574149,-0.0292986,0.69896
626,-0.0572208,-0.0276583,0.69896
627,-0.0570229,-0.0260194,0.69896
628,-0.0568211,-0.0243766,0.69896
629,-0.0566079,-0.0227366,0.69896
630,-0.0563844,-0.0211117,0.69896
631,-0.0561453,-0.0207206,0.69896
632,-0.0558774,-0.01923,0.69896
633,-0.0556625,-0.0177874,0.69896
634,-0.0554162,-0.0162248,0.69896
635,-0.0551439,-0.0146916,0.69896
636,-0.0548534,-0.013183,0.69896
637,-0.0545486,-0.0117128,0.69896
638,-0.0542339,-0.0102713,0.69896
639,-0.0539102,-0.00885894,0.69896
640,-0.0535766,-0.00747348,0.69896
641,-0.0532317,-0.00611566,0.69896
642,-0.0528781,-0.00477705,0.69896
643,-0.0525139,-0.00346745,0.69896
644,-0.0521373,-0.00219574,0.69896
645,-0.0517468,-0.000947749,0.69896
646,-0.0513472,0.000278483,0.69896
647,-0.0509387,0.00148079,0.69896
648,-0.0505217,0.00266247,0.69896
649,-0.050095,0.00381852,0.69896
650,-0.0496578,0.00495289,0.69896
651,-0.0492218,0.00606871,0.69896
652,-0.0487759,0.00716735,0.69896
653,-0.0483083,0.00823162,0.69896
654,-0.0478247,0.00927394,0.69896
655,-0.04733,0.0102925,0.69896
656,-0.0468256,0.0112889,0.69896
657,-0.0463124,0.0122635,0.69896
658,-0.0457896,0.0132201,0.69896
659,-0.0452601,0.0141552,0.69896
660,-0.0447206,0.0150669,0.69896
661,-0.0441709,0.0159678,0.69896
662,-0.0436138,0.016846,0.69896
663,-0.043046,0.0176946,0.69896
664,-0.0424666,0.0185277,0.69896
665,-0.0418787,0.0193441,0.69896
666,-0.0412841,0.0201459,0.69896
667,-0.0406831,0.0209305,0.69896
668,-0.0400752,0.0216968,0.69896
669,-0.0394603,0.0224477,0.69896
670,-0.0388386,0.0231806,0.69896
671,-0.0382097,0.0238939,0.69896
672,-0.0375733,0.0245928,0.69896
673,-0.0369334,0.0252864,0.69896
674,-0.0362846,0.0259548,0.69896
675,-0.0356275,0.0265989,0.69896
676,-0.0349608,0.0272285,0.69896
677,-0.0342868,0.0278443,0.69896
678,-0.0336069,0.0284465,0.69896
679,-0.032922,0.0290316,0.69896
680,-0.032232,0.0296014,0.69896
681,-0.0315373,0.030157,0.69896
682,-0.0308384,0.0306983,0.69896
683,-0.0301352,0.031225,0.69896
684,-0.0294276,0.0317357,0.69896
685,-0.0287154,0.0322349,0.69896
686,-0.0279981,0.032719,0.69896
687,-0.0272772,0.0331843,0.69896
688,-0.0265488,0.0336415,0.69896
689,-0.0258157,0.0340814,0.69896
690,-0.0250788,0.0345029,0.69896
691,-0.0243391,0.0349079,0.69896
692,-0.0235958,0.0353046,0.69896
693,-0.0228513,0.0356927,0.69896
694,-0.0221064,0.0360687,0.69896
695,-0.0213616,0.0364377,0.69896
696,-0.0206148,0.0367842,0.69896
697,-0.0198658,0.0371141,0.69896
698,-0.0191141,0.037432,0.69896
699,-0.018361,0.0377375,0.69896
700,-0.0176071,0.0380305,0.69896
701,-0.0168524,0.0383101,0.69896
702,-0.0160969,0.0385753,0.69896
703,-0.0153404,0.0388264,0.69896
704,-0.0145829,0.0390638,0.69896
705,-0.0138242,0.0392875,0.69896
706,-0.0130646,0.0394977,0.69896
707,-0.0123035,0.0396947,0.69896
708,-0.01154,0.0398779,0.69896
709,-0.0107745,0.0400472,0.69896
710,-0.0100085,0.040203,0.69896
711,-0.00924211,0.0403476,0.69896
712,-0.00847593,0.040481,0.69896
713,-0.00771048,0.0406024,0.69896
714,-0.00694556,0.040712,0.69896
715,-0.0061811,0.0408093,0.69896
716,-0.00541677,0.0408947,0.69896
717,-0.00465258,0.0409687,0.69896
718,-0.00388826,0.0410316,0.69896
719,-0.00312438,0.0410831,0.69896
720,-0.00236017,0.0411232,0.69896
721,-0.00159579,0.0411513,0.69896
722,-0.000830983,0.0411679,0.69896
723,-6.61786e-05,0.0411735,0.69896
724,0.000697228,0.0411688,0.69896
725,0.00145913,0.0411527,0.69896
726,0.00221897,0.0411254,0.69896
727,0.00297647,0.0410866,0.69896
728,0.0037342,0.0410338,0.69896
729,0.00449107,0.0409681,0.69896
730,0.00524514,0.0408909,0.69896
731,0.00599618,0.0408015,0.69896
732,0.00674353,0.0407,0.69896
733,0.00748729,0.0405854,0.69896
734,0.0082275,0.0404574,0.69896
735,0.00896232,0.0403136,0.69896
736,0.00969659,0.0401546,0.69896
737,0.010428,0.039987,0.69896
738,0.0111574,0.0398141,0.69896
739,0.0118801,0.0396338,0.69896
740,0.012595,0.0394414,0.69896
741,0.0133019,0.0392362,0.69896
742,0.014001,0.0390125,0.69896
743,0.0146974,0.0387756,0.69896
744,0.0153874,0.0385253,0.69896
745,0.0160615,0.0382626,0.69896
746,0.0167452,0.0379759,0.69896
747,0.0174223,0.0376754,0.69896
748,0.0180931,0.037361,0.69896
749,0.018755,0.0370323,0.69896
750,0.0194141,0.0366866,0.69896
751,0.0200672,0.036329,0.69896
752,0.0207127,0.0359574,0.69896
753,0.021351,0.0355713,0.69896
754,0.0219826,0.0351711,0.69896
755,0.0226073,0.0347549,0.69896
756,0.0232256,0.0343238,0.69896
757,0.0238363,0.0338807,0.69896
758,0.0244409,0.0334212,0.69896
759,0.0250385,0.0329475,0.69896
760,0.0256291,0.0324577,0.69896
761,0.0262131,0.0319527,0.69896
762,0.0267902,0.0314313,0.69896
763,0.0273606,0.0308939,0.69896
764,0.0279241,0.0303402,0.69896
765,0.0284807,0.0297703,0.69896
766,0.0290303,0.0291843,0.69896
767,0.0295727,0.0285819,0.69896
768,0.0301081,0.0279623,0.69896
769,0.0306365,0.0273251,0.69896
770,0.0311584,0.0266726,0.69896
771,0.0316725,0.0260037,0.69896
772,0.0321657,0.0253227,0.69896
773,0.0326733,0.02461,0.69896
774,0.0331699,0.0238943,0.69896
775,0.033655,0.0231601,0.69896
776,0.0341306,0.0223989,0.69896
777,0.0346039,0.0216316,0.69896
778,0.0350677,0.0208413,0.69896
779,0.0355259,0.020031,0.69896
780,0.03598,0.0191984,0.69896
781,0.0364294,0.0183399,0.69896
782,0.0368762,0.0174723,0.69896
783,0.0373115,0.0165862,0.69896
784,0.0377406,0.0156741,0.69896
785,0.0381653,0.0147439,0.69896
786,0.0385871,0.013786,0.69896
787,0.0390039,0.0128012,0.69896
788,0.0394151,0.0117983,0.69896
789,0.0398168,0.0107737,0.69896
790,0.0402144,0.0097244,0.69896
791,0.0406073,0.00865138,0.69896
792,0.0409935,0.00755782,0.69896
793,0.0413739,0.00643876,0.69896
794,0.0417517,0.00529207,0.69896
795,0.0421243,0.00411782,0.69896
796,0.0424914,0.00291654,0.69896
797,0.0428519,0.00168659,0.69896
798,0.0432079,0.000428239,0.69896
799,0.0435587,-0.000856177,0.69896
800,0.0439042,-0.00216737,0.69896
801,0.0442443,-0.00350522,0.69896
802,0.0445781,-0.00487635,0.69896
803,0.0448998,-0.00626392,0.69896
804,0.0452198,-0.00769487,0.69896
805,0.0455408,-0.00915091,0.69896
806,0.0458563,-0.0106354,0.69896
807,0.0461629,-0.0121436,0.69896
808,0.0464571,-0.0136708,0.69896
809,0.0467474,-0.0152443,0.69896
810,0.0470338,-0.0168409,0.69896
811,0.0473124,0.0574834,0.69896
812,0.0454649,0.0615691,0.69896
813,0.0458194,0.0727313,0.69896
814,0.0456986,0.0726999,0.69896
815,0.0459219,0.0732704,0.69896
816,0.046092,0.0723173,0.69896
817,0.0463107,0.0713008,0.69896
818,0.0465034,0.0699619,0.69896
819,0.046701,0.0685163,0.69896
820,0.046906,0.066963,0.69896
821,0.04712,0.0653618,0.69896
822,0.0473354,0.0637301,0.69896
823,0.0475474,0.0620874,0.69896
824,0.0477507,0.0604373,0.69896
825,0.0479467,0.0587827,0.69896
826,0.0481328,0.0571288,0.69896
827,0.0483116,0.0554811,0.69896
828,0.0484823,0.0538382,0.69896
829,0.0486411,0.0522019,0.69896
830,0.0487841,0.0505698,0.69896
831,0.0489168,0.0489319,0.69896
832,0.0490397,0.0472969,0.69896
833,0.0491545,0.0456579,0.69896
834,0.0492596,0.0440289,0.69896
835,0.049356,0.0423993,0.69896
836,0.0494462,0.0407703,0.69896
837,0.0495286,0.0391416,0.69896
838,0.0496019,0.0375127,0.69896
839,0.0496618,0.0358781,0.69896
840,0.0497186,0.0342188,0.69896
841,0.00081326,0.0106796,0.69896
842,0.0335787,0.0113098,0.69896
843,0.0371105,-1.13068,0.69896
844,-nan,nan,0.69896
845,nan,-nan,0.69896
846,-nan,nan,0.69896
847,nan,-nan,0.69896
848,-nan,-nan,0.69896
849,nan,nan,0.69896
850,-nan,-nan,0.69896
851,nan,nan,0.69896
852,-nan,-nan,0.69896
853,nan,-nan,0.69896
854,-nan,-nan,0.69896
855,nan,nan,0.69896
856,-nan,-nan,0.69896
857,nan,nan,0.69896
858,-nan,-nan,0.69896
859,nan,nan,0.69896
860,-nan,-nan,0.69896
861,nan,nan,0.69896
862,-nan,-nan,0.69896
863,nan,nan,0.69896
864,-nan,-nan,0.69896
865,nan,nan,0.69896
866,-nan,-nan,0.69896
867,nan,nan,0.69896
868,-nan,-nan,0.69896
869,nan,nan,0.69896
870,-nan,-nan,0.69896
871,nan,nan,0.69896
872,-nan,-nan,0.69896
873,nan,nan,0.69896
874,-nan,-nan,0.69896
875,nan,nan,0.69896
876,-nan,-nan,0.69896
877,nan,nan,0.69896
878,-nan,-nan,0.69896
879,nan,nan,0.69896
880,-nan,-nan,0.69896
881,nan,nan,0.69896
882,-nan,nan,0.69896
883,nan,nan,0.69896
884,-nan,-nan,0.69896
885,nan,-nan,0.69896
886,-nan,nan,0.69896
887,nan,-nan,0.69896
888,-nan,nan,0.69896
889,nan,-nan,0.69896
890,-nan,-nan,0.69896
891,nan,-nan,0.69896
892,-nan,nan,0.69896
893,nan,nan,0.69896
894,-nan,-nan,0.69896
895,nan,nan,0.69896
896,-nan,-nan,0.69896
897,nan,nan,0.69896
898,-nan,-nan,0.69896
899,nan,nan,0.69896
900,-nan,-nan,0.69896
901,nan,nan,0.69896
902,-nan,-nan,0.69896
903,nan,nan,0.69896
904,-nan,-nan,0.69896
905,nan,nan,0.69896
906,-nan,-nan,0.69896
907,nan,nan,0.69896
908,-nan,-nan,0.69896
909,nan,nan,0.69896
910,-nan,-nan,0.69896
911,nan,nan,0.69896
912,-nan,-nan,0.69896
913,nan,nan,0.69896
914,-nan,-nan,0.69896
915,nan,nan,0.69896
916,-nan,-nan,0.69896
917,nan,nan,0.69896
918,-nan,-nan,0.69896
919,nan,nan,0.69896
920,-nan,-nan,0.69896
921,nan,nan,0.69896
922,-nan,-nan,0.69896
923,nan,nan,0.69896
924,-nan,-nan,0.69896
925,nan,-nan,0.69896
926,-nan,nan,0.69896
927,nan,-nan,0.69896
928,-nan,nan,0.69896
929,nan,-nan,0.69896
930,-nan,-nan,0.69896
931,nan,-nan,0.69896
932,-nan,nan,0.69896
933,nan,nan,0.69896
934,-nan,-nan,0.69896
935,nan,nan,0.69896
936,-nan,-nan,0.69896
937,nan,nan,0.69896
938,-nan,-nan,0.69896
939,nan,nan,0.69896
940,-nan,-nan,0.69896
941,nan,nan,0.69896
942,-nan,-nan,0.69896
943,nan,nan,0.69896
944,-nan,-nan,0.69896
945,nan,nan,0.69896
946,-nan,-nan,0.69896
947,nan,nan,0.69896
948,-nan,-nan,0.69896
949,nan,nan,0.69896
950,-nan,-nan,0.69896
951,nan,nan,0.69896
952,-nan,-nan,0.69896
953,nan,nan,0.69896
954,-nan,-nan,0.69896
955,nan,nan,0.69896
956,-nan,-nan,0.69896
957,nan,nan,0.69896
958,-nan,-nan,0.69896
959,nan,nan,0.69896
960,-nan,-nan,0.69896
961,nan,nan,0.69896
962,-nan,nan,0.69896
963,nan,nan,0.69896
964,-nan,-nan,0.69896
965,nan,nan,0.69896
966,-nan,nan,0.69896
967,nan,-nan,0.69896
968,-nan,nan,0.69896
969,nan,-nan,0.69896
970,-nan,nan,0.69896
971,nan,-nan,0.69896
972,-nan,nan,0.69896
973,nan,-nan,0.69896
974,-nan,-nan,0.69896
975,nan,nan,0.69896
976,-nan,-nan,0.69896
977,nan,nan,0.69896
978,-nan,-nan,0.69896
979,nan,nan,0.69896
980,-nan,-nan,0.69896
981,nan,nan,0.69896
982,-nan,-nan,0.69896
983,nan,nan,0.69896
984,-nan,-nan,0.69896
985,nan,nan,0.69896
986,-nan,-nan,0.69896
987,nan,nan,0.69896
988,-nan,-nan,0.69896
989,nan,nan,0.69896
990,-nan,-nan,0.69896
991,nan,nan,0.69896
992,-nan,-nan,0.69896
993,nan,nan,0.69896
994,-nan,-nan,0.69896
995,nan,nan,0.69896
996,-nan,-nan,0.69896
997,nan,nan,0.69896
998,-nan,-nan,0.69896
999,nan,nan,0.69896
1000,-nan,-nan,0.69896
1001,nan,nan,0.69896
1002,-nan,nan,0.69896
1003,nan,nan,0.69896
1004,-nan,-nan,0.69896
1005,nan,nan,0.69896
1006,-nan,nan,0.69896
1007,nan,-nan,0.69896
1008,-nan,-nan,0.69896
1009,nan,nan,0.69896
1010,-nan,-nan,0.69896
1011,nan,nan,0.69896
1012,-nan,nan,0.69896
1013,nan,-nan,0.69896
1014,-nan,-nan,0.69896
1015,nan,nan,0.69896
1016,-nan,-nan,0.69896
1017,nan,nan,0.69896
1018,-nan,-nan,0.69896
1019,nan,nan,0.69896
1020,-nan,-nan,0.69896
1021,nan,nan,0.69896
1022,-nan,-nan,0.69896
1023,nan,nan,0.69896
1024,-nan,-nan,0.69896
1025,nan,nan,0.69896
1026,-nan,-nan,0.69896
1027,nan,nan,0.69896
1028,-nan,-nan,0.69896
1029,nan,nan,0.69896
1030,-nan,-nan,0.69896
1031,nan,nan,0.69896
1032,-nan,-nan,0.69896
1033,nan,nan,0.69896
1034,-nan,-nan,0.69896
1035,nan,nan,0.69896
1036,-nan,-nan,0.69896
1037,nan,nan,0.69896
1038,-nan,-nan,0.69896
1039,nan,nan,0.69896
1040,-nan,-nan,0.69896
1041,nan,nan,0.69896
1042,-nan,-nan,0.69896
1043,nan,nan,0.69896
1044,-nan,-nan,0.69896
1045,nan,nan,0.69896
1046,-nan,-nan,0.69896
1047,nan,nan,0.69896
1048,-nan,-nan,0.69896
1049,nan,nan,0.69896
1050,-nan,-nan,0.69896
1051,nan,nan,0.69896
1052,-nan,nan,0.69896
1053,nan,-nan,0.69896
1054,-nan,-nan,0.69896
1055,nan,nan,0.69896
1056,-nan,-nan,0.69896
1057,nan,nan,0.69896
1058,-nan,-nan,0.69896
1059,nan,nan,0.69896
1060,-nan,-nan,0.69896
1061,nan,nan,0.69896
1062,-nan,-nan,0.69896
1063,nan,nan,0.69896
1064,-nan,-nan,0.69896
1065,nan,nan,0.69896
1066,-nan,-nan,0.69896
1067,nan,nan,0.69896
1068,-nan,-nan,0.69896
1069,nan,nan,0.69896
1070,-nan,-nan,0.69896
1071,nan,nan,0.69896
1072,-nan,-nan,0.69896
1073,nan,nan,0.69896
1074,-nan,-nan,0.69896
1075,nan,nan,0.69896
1076,-nan,-nan,0.69896
1077,nan,nan,0.69896
1078,-nan,-nan,0.69896
1079,nan,nan,0.69896
1080,-nan,-nan,0.69896
1081,nan,nan,0.69896
1082,nan,nan,0.69896
1083,nan,nan,0.69896
1084,nan,nan,0.69896
1085,nan,nan,0.69896
1086,nan,nan,0.69896
1087,nan,nan,0.69896
1088,nan,nan,0.69896
1089,nan,-nan,0.69896
1090,nan,-nan,0.69896
1091,nan,-nan,0.69896
1092,nan,-nan,0.69896
1093,nan,-nan,0.69896
1094,nan,nan,0.69896
1095,nan,nan,0.69896
1096,nan,nan,0.69896
1097,nan,nan,0.69896
1098,nan,nan,0.69896
1099,nan,nan,0.69896
1100,nan,nan,0.69896
1101,nan,nan,0.69896
1102,nan,nan,0.69896
1103,nan,nan,0.69896
1104,nan,nan,0.69896
1105,nan,nan,0.69896
1106,nan,nan,0.69896
1107,nan,nan,0.69896
1108,nan,nan,0.69896
1109,nan,nan,0.69896
1110,nan,nan,0.69896
1111,nan,nan,0.69896
1112,nan,nan,0.69896
1113,nan,nan,0.69896
1114,nan,nan,0.69896
1115,nan,nan,0.69896
1116,nan,nan,0.69896
1117,nan,nan,0.69896
1118,nan,nan,0.69896
1119,nan,nan,0.69896
1120,nan,nan,0.69896
1121,nan,nan,0.69896
1122,nan,nan,0.69896
1123,nan,nan,0.69896
1124,nan,nan,0.69896
1125,nan,nan,0.69896
1126,nan,nan,0.69896
1127,nan,nan,0.69896
1128,nan,nan,0.69896
1129,nan,nan,0.69896
1130,nan,nan,0.69896
1131,nan,nan,0.69896
1132,nan,nan,0.69896
1133,nan,nan,0.69896
1134,nan,nan,0.69896
1135,nan,nan,0.69896
1136,nan,nan,0.69896
1137,nan,nan,0.69896
1138,nan,nan,0.69896
1139,nan,nan,0.69896
1140,nan,nan,0.69896
1141,nan,nan,0.69896
1142,nan,nan,0.69896
1143,nan,nan,0.69896
1144,nan,nan,0.69896
1145,nan,nan,0.69896
1146,nan,nan,0.69896
1147,nan,nan,0.69896
1148,nan,nan,0.69896
1149,nan,nan,0.69896
1150,nan,nan,0.69896
1151,nan,nan,0.69896
1152,nan,nan,0.69896
1153,nan,nan,0.69896
1154,nan,nan,0.69896
1155,nan,nan,0.69896
1156,nan,nan,0.69896
1157,nan,nan,0.69896
1158,nan,nan,0.69896
1159,nan,nan,0.69896
1160,nan,nan,0.69896
1161,nan,nan,0.69896
1162,nan,nan,0.69896
1163,nan,-nan,0.69896
1164,nan,-nan,0.69896
1165,nan,nan,0.69896
1166,nan,-nan,0.69896
1167,nan,-nan,0.69896
1168,nan,nan,0.69896
1169,nan,nan,0.69896
1170,nan,nan,0.69896
1171,nan,-nan,0.69896
1172,nan,nan,0.69896
1173,nan,nan,0.69896
1174,nan,nan,0.69896
1175,nan,nan,0.69896
1176,nan,nan,0.69896
1177,nan,nan,0.69896
1178,nan,nan,0.69896
1179,nan,nan,0.69896
1180,nan,nan,0.69896
1181,nan,nan,0.69896
1182,nan,nan,0.69896
1183,nan,nan,0.69896
1184,nan,nan,0.69896
1185,nan,nan,0.69896
1186,nan,nan,0.69896
1187,nan,nan,0.69896
1188,nan,nan,0.69896
1189,nan,nan,0.69896
1190,nan,nan,0.69896
1191,nan,nan,0.69896
1192,nan,nan,0.69896
1193,nan,nan,0.69896
1194,nan,nan,0.69896
1195,nan,nan,0.69896
1196,nan,nan,0.69896
1197,nan,nan,0.69896
1198,nan,nan,0.69896
1199,nan,nan,0.69896
1200,nan,nan,0.69896
1201,nan,nan,0.69896
1202,nan,nan,0.69896
1203,nan,nan,0.69896
1204,nan,nan,0.69896
1205,nan,nan,0.69896
1206,nan,nan,0.69896
1207,nan,nan,0.69896
1208,nan,nan,0.69896
1209,nan,nan,0.69896
1210,nan,nan,0.69896
1211,nan,nan,0.69896
1212,nan,nan,0.69896
1213,nan,nan,0.69896
1214,nan,nan,0.69896
1215,nan,nan,0.69896
1216,nan,nan,0.69896
1217,nan,nan,0.69896
1218,nan,nan,0.69896
1219,nan,nan,0.69896
1220,nan,nan,0.69896
1221,nan,nan,0.69896
1222,nan,nan,0.69896
1223,nan,nan,0.69896
1224,nan,nan,0.69896
1225,nan,nan,0.69896
1226,nan,nan,0.69896
1227,nan,nan,0.69896
1228,nan,nan,0.69896
1229,nan,nan,0.69896
1230,nan,nan,0.69896
1231,nan,nan,0.69896
1232,nan,nan,0.69896
1233,nan,nan,0.69896
1234,nan,nan,0.69896
1235,nan,nan,0.69896
1236,nan,nan,0.69896
1237,nan,nan,0.69896
1238,nan,nan,0.69896
1239,nan,nan,0.69896
1240,nan,nan,0.69896
1241,nan,nan,0.69896
1242,nan,nan,0.69896
1243,nan,nan,0.69896
1244,nan,nan,0.69896
1245,nan,nan,0.69896
1246,nan,nan,0.69896
1247,nan,nan,0.69896
1248,nan,nan,0.69896
1249,nan,nan,0.69896
1250,nan,nan,0.69896
1251,nan,nan,0.69896
1252,nan,nan,0.69896
1253,nan,nan,0.69896
1254,nan,nan,0.69896
1255,nan,nan,0.69896
1256,nan,nan,0.69896
1257,nan,nan,0.69896
1258,nan,-nan,0.69896
1259,nan,nan,0.69896
1260,nan,nan,0.69896
1261,nan,nan,0.69896
1262,nan,nan,0.69896
1263,nan,nan,0.69896
1264,nan,nan,0.69896
1265,nan,nan,0.69896
1266,nan,nan,0.69896
1267,nan,nan,0.69896
1268,nan,nan,0.69896
1269,nan,nan,0.69896
1270,nan,nan,0.69896
1271,nan,nan,0.69896
1272,nan,nan,0.69896
1273,nan,nan,0.69896
1274,nan,nan,0.69896
1275,nan,nan,0.69896
1276,nan,nan,0.69896
1277,nan,nan,0.69896
1278,nan,nan,0.69896
1279,nan,nan,0.69896
1280,nan,nan,0.69896
1281,nan,nan,0.69896
1282,nan,nan,0.69896
1283,nan,nan,0.69896
1284,nan,nan,0.69896
1285,nan,nan,0.69896
1286,nan,nan,0.69896
1287,nan,nan,0.69896
1288,nan,nan,0.69896
1289,nan,nan,0.69896
1290,nan,nan,0.69896
1291,nan,nan,0.69896
1292,nan,nan,0.69896
1293,nan,nan,0.69896
1294,nan,nan,0.69896
1295,nan,nan,0.69896
1296,nan,nan,0.69896
1297,nan,nan,0.69896
1298,nan,nan,0.69896
1299,nan,nan,0.69896
1300,nan,nan,0.69896
1301,nan,nan,0.69896
1302,nan,nan,0.69896
1303,nan,nan,0.69896
1304,nan,nan,0.69896
1305,nan,nan,0.69896
1306,nan,nan,0.69896
1307,nan,nan,0.69896
1308,nan,nan,0.69896
1309,nan,nan,0.69896
1310,nan,nan,0.69896
1311,nan,nan,0.69896
1312,nan,nan,0.69896
1313,nan,nan,0.69896
1314,nan,nan,0.69896
1315,nan,nan,0.69896
1316,nan,nan,0.69896
1317,nan,nan,0.69896
1318,nan,nan,0.69896
1319,nan,nan,0.69896
1320,nan,nan,0.69896
1321,nan,nan,0.69896
1322,nan,nan,0.69896
1323,nan,nan,0.69896
1324,nan,nan,0.69896
1325,nan,nan,0.69896
1326,nan,nan,0.69896
1327,nan,nan,0.69896
1328,nan,nan,0.69896
1329,nan,nan,0.69896
1330,nan,nan,0.69896
1331,nan,nan,0.69896
1332,nan,nan,0.69896
1333,nan,nan,0.69896
1334,nan,nan,0.69896
1335,nan,nan,0.69896
1336,nan,nan,0.69896
1337,nan,nan,0.69896
1338,nan,nan,0.69896
1339,nan,nan,0.69896
1340,nan,nan,0.69896
1341,nan,nan,0.69896
1342,nan,nan,0.69896
1343,nan,nan,0.69896
1344,nan,nan,0.69896
1345,nan,nan,0.69896
1346,nan,nan,0.69896
1347,nan,nan,0.69896
1348,nan,nan,0.69896
1349,nan,nan,0.69896
1350,nan,nan,0.69896
1351,nan,nan,0.69896
1352,nan,nan,0.69896
1353,nan,nan,0.69896
1354,nan,nan,0.69896
1355,nan,nan,0.69896
1356,nan,nan,0.69896
1357,nan,nan,0.69896
1358,nan,nan,0.69896
1359,nan,nan,0.69896
1360,nan,nan,0.69896
1361,nan,nan,0.69896
1362,nan,nan,0.69896
1363,nan,nan,0.69896
1364,nan,nan,0.69896
1365,nan,nan,0.69896
1366,nan,nan,0.69896
1367,nan,nan,0.69896
1368,nan,nan,0.69896
1369,nan,nan,0.69896
1370,nan,nan,0.69896
1371,nan,nan,0.69896
1372,nan,nan,0.69896
1373,nan,nan,0.69896
1374,nan,nan,0.69896
1375,nan,nan,0.69896
1376,nan,nan,0.69896
1377,nan,nan,0.69896
1378,nan,nan,0.69896
1379,nan,nan,0.69896
1380,nan,nan,0.69896
1381,nan,nan,0.69896
1382,nan,nan,0.69896
1383,nan,nan,0.69896
1384,nan,nan,0.69896
1385,nan,nan,0.69896
1386,nan,nan,0.69896
1387,nan,nan,0.69896
1388,nan,nan,0.69896
1389,nan,nan,0.69896
1390,nan,nan,0.69896
1391,nan,nan,0.69896
1392,nan,nan,0.69896
1393,nan,nan,0.69896
1394,nan,nan,0.69896
1395,nan,nan,0.69896
1396,nan,nan,0.69896
1397,nan,nan,0.69896
1398,nan,nan,0.69896
1399,nan,nan,0.69896
1400,nan,nan,0.69896
1401,nan,nan,0.69896
1402,nan,nan,0.69896
1403,nan,nan,0.69896
1404,nan,nan,0.69896
1405,nan,nan,0.69896
1406,nan,nan,0.69896
1407,nan,nan,0.69896
1408,nan,nan,0.69896
1409,nan,nan,0.69896
1410,nan,nan,0.69896
1411,nan,nan,0.69896
1412,nan,nan,0.69896
1413,nan,nan,0.69896
1414,nan,nan,0.69896
1415,nan,nan,0.69896
1416,nan,nan,0.69896
1417,nan,nan,0.69896
1418,nan,nan,0.69896
1419,nan,nan,0.69896
1420,nan,nan,0.69896
1421,nan,nan,0.69896
1422,nan,nan,0.69896
1423,nan,nan,0.69896
1424,nan,nan,0.69896
1425,nan,nan,0.69896
1426,nan,nan,0.69896
1427,nan,nan,0.69896
1428,nan,nan,0.69896
1429,nan,nan,0.69896
1430,nan,nan,0.69896
1431,nan,nan,0.69896
1432,nan,nan,0.69896
1433,nan,nan,0.69896
1434,nan,nan,0.69896
1435,nan,nan,0.69896
1436,nan,nan,0.69896
1437,nan,nan,0.69896
1438,nan,nan,0.69896
1439,nan,nan,0.69896
1440,nan,nan,0.69896
1441,nan,nan,0.69896
1442,nan,nan,0.69896
1443,nan,nan,0.69896
1444,nan,nan,0.69896
1445,nan,nan,0.69896
1446,nan,nan,0.69896
1447,nan,nan,0.69896
1448,nan,nan,0.69896
1449,nan,nan,0.69896
1450,nan,nan,0.69896
1451,nan,nan,0.69896
1452,nan,nan,0.69896
1453,nan,nan,0.69896
1454,nan,nan,0.69896
1455,nan,nan,0.69896
1456,nan,nan,0.69896
1457,nan,nan,0.69896
1458,nan,nan,0.69896
1459,nan,nan,0.69896
1460,nan,nan,0.69896
1461,nan,nan,0.69896
1462,nan,nan,0.69896
1463,nan,nan,0.69896
1464,nan,nan,0.69896
1465,nan,nan,0.69896
1466,nan,nan,0.69896
1467,nan,nan,0.69896
1468,nan,nan,0.69896
1469,nan,nan,0.69896
1470,nan,nan,0.69896
1471,nan,nan,0.69896
1472,nan,nan,0.69896
1473,nan,nan,0.69896
1474,nan,nan,0.69896
1475,nan,nan,0.69896
1476,nan,nan,0.69896
1477,nan,nan,0.69896
1478,nan,nan,0.69896
1479,nan,nan,0.69896
1480,nan,nan,0.69896
1481,nan,nan,0.69896
1482,nan,nan,0.69896
1483,nan,nan,0.69896
1484,nan,nan,0.69896
1485,nan,nan,0.69896
1486,nan,nan,0.69896
1487,nan,nan,0.69896
1488,nan,nan,0.69896
1489,nan,nan,0.69896
1490,nan,nan,0.69896
1491,nan,nan,0.69896
1492,nan,nan,0.69896
1493,nan,nan,0.69896
1494,nan,nan,0.69896
1495,nan,nan,0.69896
1496,nan,nan,0.69896
1497,nan,nan,0.69896
1498,nan,nan,0.69896
1499,nan,nan,0.69896
1500,nan,nan,0.69896
1501,nan,nan,0.69896
1502,nan,nan,0.69896
1503,nan,nan,0.69896
1504,nan,nan,0.69896
1505,nan,nan,0.69896
1506,nan,nan,0.69896
1507,nan,nan,0.69896
1508,nan,nan,0.69896
1509,nan,nan,0.69896
1510,nan,nan,0.69896
1511,nan,nan,0.69896
1512,nan,nan,0.69896
1513,nan,nan,0.69896
1514,nan,nan,0.69896
1515,nan,nan,0.69896
1516,nan,nan,0.69896
1517,nan,nan,0.69896
1518,nan,nan,0.69896
1519,nan,nan,0.69896
1520,nan,nan,0.69896
1521,nan,nan,0.69896
1522,nan,nan,0.69896
1523,nan,nan,0.69896
1524,nan,nan,0.69896
1525,nan,nan,0.69896
1526,nan,nan,0.69896
1527,nan,nan,0.69896
1528,nan,nan,0.69896
1529,nan,nan,0.69896
1530,nan,nan,0.69896
1531,nan,nan,0.69896
1532,nan,nan,0.69896
1533,nan,nan,0.69896
1534,nan,nan,0.69896
1535,nan,nan,0.69896
1536,nan,nan,0.69896
1537,nan,nan,0.69896
1538,nan,nan,0.69896
1539,nan,nan,0.69896
1540,nan,nan,0.69896
1541,nan,nan,0.69896
1542,nan,nan,0.69896
1543,nan,nan,0.69896
1544,nan,nan,0.69896
1545,nan,nan,0.69896
1546,nan,nan,0.69896
1547,nan,nan,0.69896
1548,nan,nan,0.69896
1549,nan,nan,0.69896
1550,nan,nan,0.69896
1551,nan,nan,0.69896
1552,nan,nan,0.69896
1553,nan,nan,0.69896
1554,nan,nan,0.69896
1555,nan,nan,0.69896
1556,nan,nan,0.69896
1557,nan,nan,0.69896
1558,nan,nan,0.69896
1559,nan,nan,0.69896
1560,nan,nan,0.69896
1561,nan,nan,0.69896
1562,nan,nan,0.69896
1563,nan,nan,0.69896
1564,nan,nan,0.69896
1565,nan,nan,0.69896
1566,nan,nan,0.69896
1567,nan,nan,0.69896
1568,nan,nan,0.69896
1569,nan,nan,0.69896
1570,nan,nan,0.69896
1571,nan,nan,0.69896
1572,nan,nan,0.69896
1573,nan,nan,0.69896
1574,nan,nan,0.69896
1575,nan,nan,0.69896
1576,nan,nan,0.69896
1577,nan,nan,0.69896
1578,nan,nan,0.69896
1579,nan,nan,0.69896
1580,nan,nan,0.69896
1581,nan,nan,0.69896
1582,nan,nan,0.69896
1583,nan,nan,0.69896
1584,nan,nan,0.69896
1585,nan,nan,0.69896
1586,nan,nan,0.69896
1587,nan,nan,0.69896
1588,nan,nan,0.69896
1589,nan,nan,0.69896
1590,nan,nan,0.69896
1591,nan,nan,0.69896
1592,nan,nan,0.69896
1593,nan,nan,0.69896
1594,nan,nan,0.69896
1595,nan,nan,0.69896
1596,nan,nan,0.69896
1597,nan,nan,0.69896
1598,nan,nan,0.69896
1599,nan,nan,0.69896
1600,nan,nan,0.69896
1601,nan,nan,0.69896
1602,nan,nan,0.69896
1603,nan,nan,0.69896
1604,nan,nan,0.69896
1605,nan,nan,0.69896
1606,nan,nan,0.69896
1607,nan,nan,0.69896
1608,nan,nan,0.69896
1609,nan,nan,0.69896
1610,nan,nan,0.69896
1611,nan,nan,0.69896
1612,nan,nan,0.69896
1613,nan,nan,0.69896
1614,nan,nan,0.69896
1615,nan,nan,0.69896
1616,nan,nan,0.69896
1617,nan,nan,0.69896
1618,nan,nan,0.69896
1619,nan,nan,0.69896
1620,nan,nan,0.69896
1621,nan,nan,0.69896
1622,nan,nan,0.69896
1623,nan,nan,0.69896
1624,nan,nan,0.69896
1625,nan,nan,0.69896
1626,nan,nan,0.69896
1627,nan,nan,0.69896
1628,nan,nan,0.69896
1629,nan,nan,0.69896
1630,nan,nan,0.69896
1631,nan,nan,0.69896
1632,nan,nan,0.69896
1633,nan,nan,0.69896
1634,nan,nan,0.69896
1635,nan,nan,0.69896
1636,nan,nan,0.69896
1637,nan,nan,0.69896
1638,nan,nan,0.69896
1639,nan,nan,0.69896
1640,nan,nan,0.69896
1641,nan,nan,0.69896
1642,nan,nan,0.69896
1643,nan,nan,0.69896
1644,nan,nan,0.69896
1645,nan,nan,0.69896
1646,nan,nan,0.69896
1647,nan,nan,0.69896
1648,nan,nan,0.69896
1649,nan,nan,0.69896
1650,nan,nan,0.69896
1651,nan,nan,0.69896
1652,nan,nan,0.69896
1653,nan,nan,0.69896
1654,nan,nan,0.69896
1655,nan,nan,0.69896
1656,nan,nan,0.69896
1657,nan,nan,0.69896
1658,nan,nan,0.69896
1659,nan,nan,0.69896
1660,nan,nan,0.69896
1661,nan,nan,0.69896
1662,nan,nan,0.69896
1663,nan,nan,0.69896
1664,nan,nan,0.69896
1665,nan,nan,0.69896
1666,nan,nan,0.69896
1667,nan,nan,0.69896
1668,nan,nan,0.69896
1669,nan,nan,0.69896
1670,nan,nan,0.69896
1671,nan,nan,0.69896
1672,nan,nan,0.69896
1673,nan,nan,0.69896
1674,nan,nan,0.69896
1675,nan,nan,0.69896
1676,nan,nan,0.69896
1677,nan,nan,0.69896
1678,nan,nan,0.69896
1679,nan,nan,0.69896
1680,nan,nan,0.69896
1681,nan,nan,0.69896
1682,nan,nan,0.69896
1683,nan,nan,0.69896
1684,nan,nan,0.69896
1685,nan,nan,0.69896
1686,nan,nan,0.69896
1687,nan,nan,0.69896
1688,nan,nan,0.69896
1689,nan,nan,0.69896
1690,nan,nan,0.69896
1691,nan,nan,0.69896
1692,nan,nan,0.69896
1693,nan,nan,0.69896
1694,nan,nan,0.69896
1695,nan,nan,0.69896
1696,nan,nan,0.69896
1697,nan,nan,0.69896
1698,nan,nan,0.69896
1699,nan,nan,0.69896
1700,nan,nan,0.69896
1701,nan,nan,0.69896
1702,nan,nan,0.69896
1703,nan,nan,0.69896
1704,nan,nan,0.69896
1705,nan,nan,0.69896
1706,nan,nan,0.69896
1707,nan,nan,0.69896
1708,nan,nan,0.69896
1709,nan,nan,0.69896
1710,nan,nan,0.69896
1711,nan,nan,0.69896
1712,nan,nan,0.69896
1713,nan,nan,0.69896
1714,nan,nan,0.69896
1715,nan,nan,0.69896
1716,nan,nan,0.69896
1717,nan,nan,0.69896
1718,nan,nan,0.69896
1719,nan,nan,0.69896
1720,nan,nan,0.69896
1721,nan,nan,0.69896
1722,nan,nan,0.69896
1723,nan,nan,0.69896
1724,nan,nan,0.69896
1725,nan,nan,0.69896
1726,nan,nan,0.69896
1727,nan,nan,0.69896
1728,nan,nan,0.69896
1729,nan,nan,0.69896
1730,nan,nan,0.69896
1731,nan,nan,0.69896
1732,nan,nan,0.69896
1733,nan,nan,0.69896
1734,nan,nan,0.69896
1735,nan,nan,0.69896
1736,nan,nan,0.69896
1737,nan,nan,0.69896
1738,nan,nan,0.69896
1739,nan,nan,0.69896
1740,nan,nan,0.69896
1741,nan,nan,0.69896
1742,nan,nan,0.69896
1743,nan,nan,0.69896
1744,nan,nan,0.69896
1745,nan,nan,0.69896
1746,nan,nan,0.69896
1747,nan,nan,0.69896
1748,nan,nan,0.69896
1749,nan,nan,0.69896
1750,nan,nan,0.69896
1751,nan,nan,0.69896
1752,nan,nan,0.69896
1753,nan,nan,0.69896
1754,nan,nan,0.69896
1755,nan,nan,0.69896
1756,nan,nan,0.69896
1757,nan,nan,0.69896
1758,nan,nan,0.69896
1759,nan,nan,0.69896
1760,nan,nan,0.69896
1761,nan,nan,0.69896
1762,nan,nan,0.69896
1763,nan,nan,0.69896
1764,nan,nan,0.69896
1765,nan,nan,0.69896
1766,nan,nan,0.69896
1767,nan,nan,0.69896
1768,nan,nan,0.69896
1769,nan,nan,0.69896
1770,nan,nan,0.69896
1771,nan,nan,0.69896
1772,nan,nan,0.69896
1773,nan,nan,0.69896
1774,nan,nan,0.69896
1775,nan,nan,0.69896
1776,nan,nan,0.69896
1777,nan,nan,0.69896
1778,nan,nan,0.69896
1779,nan,nan,0.69896
1780,nan,nan,0.69896
1781,nan,nan,0.69896
1782,nan,nan,0.69896
1783,nan,nan,0.69896
1784,nan,nan,0.69896
1785,nan,nan,0.69896
1786,nan,nan,0.69896
1787,nan,nan,0.69896
1788,nan,nan,0.69896
1789,nan,nan,0.69896
1790,nan,nan,0.69896
1791,nan,nan,0.69896
1792,nan,nan,0.69896
1793,nan,nan,0.69896
1794,nan,nan,0.69896
1795,nan,nan,0.69896
1796,nan,nan,0.69896
1797,nan,nan,0.69896
1798,nan,nan,0.69896
1799,nan,nan,0.69896
1800,nan,nan,0.69896
1801,nan,nan,0.69896
1802,nan,nan,0.69896
1803,nan,nan,0.69896
1804,nan,nan,0.69896
1805,nan,nan,0.69896
1806,nan,nan,0.69896
1807,nan,nan,0.69896
1808,nan,nan,0.69896
1809,nan,nan,0.69896
1810,nan,nan,0.69896
1811,nan,nan,0.69896
1812,nan,nan,0.69896
1813,nan,nan,0.69896
1814,nan,nan,0.69896
1815,nan,nan,0.69896
1816,nan,nan,0.69896
1817,nan,nan,0.69896
1818,nan,nan,0.69896
1819,nan,nan,0.69896
1820,nan,nan,0.69896
1821,nan,nan,0.69896
1822,nan,nan,0.69896
1823,nan,nan,0.69896
1824,nan,nan,0.69896
1825,nan,nan,0.69896
1826,nan,nan,0.69896
1827,nan,nan,0.69896
1828,nan,nan,0.69896
1829,nan,nan,0.69896
1830,nan,nan,0.69896
1831,nan,nan,0.69896
1832,nan,nan,0.69896
1833,nan,nan,0.69896
1834,nan,nan,0.69896
1835,nan,nan,0.69896
1836,nan,nan,0.69896
1837,nan,nan,0.69896
1838,nan,nan,0.69896
1839,nan,nan,0.69896
1840,nan,nan,0.69896
1841,nan,nan,0.69896
1842,nan,nan,0.69896
1843,nan,nan,0.69896
1844,nan,nan,0.69896
1845,nan,nan,0.69896
1846,nan,nan,0.69896
1847,nan,nan,0.69896
1848,nan,nan,0.69896
1849,nan,nan,0.69896
1850,nan,nan,0.69896
1851,nan,nan,0.69896
1852,nan,nan,0.69896
1853,nan,nan,0.69896
1854,nan,nan,0.69896
1855,nan,nan,0.69896
1856,nan,nan,0.69896
1857,nan,nan,0.69896
1858,nan,nan,0.69896
1859,nan,nan,0.69896
1860,nan,nan,0.69896
1861,nan,nan,0.69896
1862,nan,nan,0.69896
1863,nan,nan,0.69896
1864,nan,nan,0.69896
1865,nan,nan,0.69896
1866,nan,nan,0.69896
1867,nan,nan,0.69896
1868,nan,nan,0.69896
1869,nan,nan,0.69896
1870,nan,nan,0.69896
1871,nan,nan,0.69896
1872,nan,nan,0.69896
1873,nan,nan,0.69896
1874,nan,nan,0.69896
1875,nan,nan,0.69896
1876,nan,nan,0.69896
1877,nan,nan,0.69896
1878,nan,nan,0.69896
1879,nan,nan,0.69896
1880,nan,nan,0.69896
1881,nan,nan,0.69896
1882,nan,nan,0.69896
1883,nan,nan,0.69896
1884,nan,nan,0.69896
1885,nan,nan,0.69896
1886,nan,nan,0.69896
1887,nan,nan,0.69896
1888,nan,nan,0.69896
1889,nan,nan,0.69896
1890,nan,nan,0.69896
1891,nan,nan,0.69896
1892,nan,nan,0.69896
1893,nan,nan,0.69896
1894,nan,nan,0.69896
1895,nan,nan,0.69896
1896,nan,nan,0.69896
1897,nan,nan,0.69896
1898,nan,nan,0.69896
1899,nan,nan,0.69896
1900,nan,nan,0.69896
1901,nan,nan,0.69896
1902,nan,nan,0.69896
1903,nan,nan,0.69896
1904,nan,nan,0.69896
1905,nan,nan,0.69896
1906,nan,nan,0.69896
1907,nan,nan,0.69896
1908,nan,nan,0.69896
1909,nan,nan,0.69896
1910,nan,nan,0.69896
1911,nan,nan,0.69896
1912,nan,nan,0.69896
1913,nan,nan,0.69896
1914,nan,nan,0.69896
1915,nan,nan,0.69896
1916,nan,nan,0.69896
1917,nan,nan,0.69896
1918,nan,nan,0.69896
1919,nan,nan,0.69896
1920,nan,nan,0.69896
1921,nan,nan,0.69896
1922,nan,nan,0.69896
1923,nan,nan,0.69896
1924,nan,nan,0.69896
1925,nan,nan,0.69896
1926,nan,nan,0.69896
1927,nan,nan,0.69896
1928,nan,nan,0.69896
1929,nan,nan,0.69896
1930,nan,nan,0.69896
1931,nan,nan,0.69896
1932,nan,nan,0.69896
1933,nan,nan,0.69896
1934,nan,nan,0.69896
1935,nan,nan,0.69896
1936,nan,nan,0.69896
1937,nan,nan,0.69896
1938,nan,nan,0.69896
1939,nan,nan,0.69896
1940,nan,nan,0.69896
1941,nan,nan,0.69896
1942,nan,nan,0.69896
1943,nan,nan,0.69896
1944,nan,nan,0.69896
1945,nan,nan,0.69896
1946,nan,nan,0.69896
1947,nan,nan,0.69896
1948,nan,nan,0.69896
1949,nan,nan,0.69896
1950,nan,nan,0.69896
1951,nan,nan,0.69896
1952,nan,nan,0.69896
1953,nan,nan,0.69896
1954,nan,nan,0.69896
1955,nan,nan,0.69896
1956,nan,nan,0.69896
1957,nan,nan,0.69896
1958,nan,nan,0.69896
1959,nan,nan,0.69896
1960,nan,nan,0.69896
1961,nan,nan,0.69896
1962,nan,nan,0.69896
1963,nan,nan,0.69896
1964,nan,nan,0.69896
1965,nan,nan,0.69896
1966,nan,nan,0.69896
1967,nan,nan,0.69896
1968,nan,nan,0.69896
1969,nan,nan,0.69896
1970,nan,nan,0.69896
1971,nan,nan,0.69896
1972,nan,nan,0.69896
1973,nan,nan,0.69896
1974,nan,nan,0.69896
1975,nan,nan,0.69896
1976,nan,nan,0.69896
1977,nan,nan,0.69896
1978,nan,nan,0.69896
1979,nan,nan,0.69896
1980,nan,nan,0.69896
1981,nan,nan,0.69896
1982,nan,nan,0.69896
1983,nan,nan,0.69896
1984,nan,nan,0.69896
1985,nan,nan,0.69896
1986,nan,nan,0.69896
1987,nan,nan,0.69896
1988,nan,nan,0.69896
1989,nan,nan,0.69896
1990,nan,nan,0.69896
1991,nan,nan,0.69896
1992,nan,nan,0.69896
1993,nan,nan,0.69896
1994,nan,nan,0.69896
1995,nan,nan,0.69896
1996,nan,nan,0.69896
1997,nan,nan,0.69896
1998,nan,nan,0.69896
1999,nan,nan,0.69896
2000,nan,nan,0.69896
2001,nan,nan,0.69896
2002,nan,nan,0.69896
2003,nan,nan,0.69896
2004,nan,nan,0.69896
2005,nan,nan,0.69896
2006,nan,nan,0.69896
2007,nan,nan,0.69896
2008,nan,nan,0.69896
2009,nan,nan,0.69896
2010,nan,nan,0.69896
2011,nan,nan,0.69896
2012,nan,nan,0.69896
2013,nan,nan,0.69896
2014,nan,nan,0.69896
2015,nan,nan,0.69896
2016,nan,nan,0.69896
2017,nan,nan,0.69896
2018,nan,nan,0.69896
2019,nan,nan,0.69896
2020,nan,nan,0.69896
2021,nan,nan,0.69896
2022,nan,nan,0.69896
2023,nan,nan,0.69896
2024,nan,nan,0.69896
2025,nan,nan,0.69896
2026,nan,nan,0.69896
2027,nan,nan,0.69896
2028,nan,nan,0.69896
2029,nan,nan,0.69896
2030,nan,nan,0.69896
2031,nan,nan,0.69896
2032,nan,nan,0.69896
2033,nan,nan,0.69896
2034,nan,nan,0.69896
2035,nan,nan,0.69896
2036,nan,nan,0.69896
2037,nan,nan,0.69896
2038,nan,nan,0.69896
2039,nan,nan,0.69896
2040,nan,nan,0.69896
2041,nan,nan,0.69896
2042,nan,nan,0.69896
2043,nan,nan,0.69896
2044,nan,nan,0.69896
2045,nan,nan,0.69896
2046,nan,nan,0.69896
2047,nan,nan,0.69896
2048,nan,nan,0.69896
2049,nan,nan,0.69896
2050,nan,nan,0.69896
2051,nan,nan,0.69896
2052,nan,nan,0.69896
2053,nan,nan,0.69896
2054,nan,nan,0.69896
2055,nan,nan,0.69896
2056,nan,nan,0.69896
2057,nan,nan,0.69896
2058,nan,nan,0.69896
2059,nan,nan,0.69896
2060,nan,nan,0.69896
2061,nan,nan,0.69896
2062,nan,nan,0.69896
2063,nan,nan,0.69896
2064,nan,nan,0.69896
2065,nan,nan,0.69896
